2353,(house 448),Manchester,(place 1229),Trafford,3
2516,(house 220),Manchester,(place 1229),Trafford,3
1618,(house 191),Bury,(place 1227),Bury,4
2450,(house 315),Manchester,(place 1228),Manchester,4
1673,(house 191),Bury,(place 1227),Bury,4
2357,(house 521),Manchester,(place 1228),Manchester,4
1677,(house 141),Bury,(place 1227),Bury,5
1630,(house 186),Bury,(place 1226),Salford,5
1658,(house 145),Bury,(place 1227),Bury,5
1576,(house 1114),Rochdale,(place 1230),Rochdale,5
2357,(place 1228),Manchester,(place 1228),Manchester,2
1738,(house 134),Bury,(place 1227),Bury,5
2398,(house 448),Manchester,(place 1228),Manchester,5
2299,(house 408),Manchester,(place 1229),Trafford,5
1350,(house 561),Oldham,(place 1231),Oldham,5
2205,(house 423),Manchester,(place 1228),Manchester,5
2575,(house 698),Tameside,(place 1225),Tameside,6
1576,(place 1230),Rochdale,(place 1230),Rochdale,2
2627,(house 690),Tameside,(place 1225),Tameside,6
2017,(house 824),Salford,(place 1226),Salford,6
1613,(house 121),Bury,(place 1227),Bury,6
1353,(house 560),Oldham,(place 1231),Oldham,6
1350,(place 1231),Oldham,(place 1231),Oldham,2
2261,(house 390),Manchester,(place 1228),Manchester,7
2571,(house 780),Tameside,(place 1225),Tameside,7
1697,(house 206),Bury,(place 1227),Bury,7
1727,(house 192),Bury,(place 1227),Bury,7
1732,(house 205),Bury,(place 1227),Bury,7
2344,(house 427),Manchester,(place 1229),Trafford,7
1608,(house 213),Bury,(place 1226),Salford,7
1336,(house 573),Oldham,(place 1231),Oldham,7
2594,(house 730),Tameside,(place 1225),Tameside,7
2658,(house 754),Tameside,(place 1225),Tameside,7
1752,(house 155),Bury,(place 1227),Bury,7
2640,(house 695),Tameside,(place 1225),Tameside,7
2494,(house 455),Manchester,(place 1226),Salford,7
1353,(place 1231),Oldham,(place 1231),Oldham,2
1563,(house 1174),Rochdale,(place 1231),Oldham,7
2694,(house 794),Tameside,(place 1225),Tameside,7
2536,(house 694),Tameside,(place 1225),Tameside,7
2600,(house 776),Tameside,(place 1225),Tameside,7
2659,(house 755),Tameside,(place 1225),Tameside,7
2677,(house 730),Tameside,(place 1225),Tameside,7
2012,(house 815),Salford,(place 1226),Salford,7
2591,(house 775),Tameside,(place 1225),Tameside,7
2661,(house 780),Tameside,(place 1225),Tameside,7
2575,(place 1225),Tameside,(place 1225),Tameside,2
2674,(house 775),Tameside,(place 1225),Tameside,7
1691,(house 183),Bury,(place 1226),Salford,7
2700,(house 718),Tameside,(place 1225),Tameside,7
1662,(house 110),Bury,(place 1227),Bury,7
2210,(house 333),Manchester,(place 1229),Trafford,7
2641,(house 787),Tameside,(place 1225),Tameside,7
2628,(house 721),Tameside,(place 1225),Tameside,7
2366,(house 471),Manchester,(place 1226),Salford,8
2628,(place 1225),Tameside,(place 1225),Tameside,2
2103,(house 833),Salford,(place 1226),Salford,8
1624,(house 209),Bury,(place 1226),Salford,8
2620,(house 758),Tameside,(place 1225),Tameside,8
2571,(place 1225),Tameside,(place 1225),Tameside,2
1285,(house 545),Oldham,(place 1225),Tameside,8
2633,(house 762),Tameside,(place 1225),Tameside,8
2688,(house 708),Tameside,(place 1225),Tameside,8
2538,(house 729),Tameside,(place 1225),Tameside,8
1592,(house 1208),Rochdale,(place 1230),Rochdale,8
2566,(house 702),Tameside,(place 1225),Tameside,8
2528,(house 789),Tameside,(place 1225),Tameside,8
2261,(place 1228),Manchester,(place 1228),Manchester,2
2412,(house 424),Manchester,(place 1226),Salford,8
2278,(house 387),Manchester,(place 1229),Trafford,8
2677,(place 1225),Tameside,(place 1225),Tameside,2
2616,(house 700),Tameside,(place 1225),Tameside,8
2629,(house 729),Tameside,(place 1225),Tameside,8
2533,(house 708),Tameside,(place 1225),Tameside,8
2655,(house 758),Tameside,(place 1225),Tameside,8
2521,(house 729),Tameside,(place 1225),Tameside,8
2658,(place 1225),Tameside,(place 1225),Tameside,2
2656,(house 705),Tameside,(place 1225),Tameside,8
2462,(house 409),Manchester,(place 1226),Salford,8
2690,(house 700),Tameside,(place 1225),Tameside,8
1662,(place 1227),Bury,(place 1227),Bury,2
2516,(place 1229),Trafford,(place 1228),Manchester,6
2555,(house 702),Tameside,(place 1225),Tameside,8
1665,(house 180),Bury,(place 1227),Bury,8
1670,(house 197),Bury,(place 1226),Salford,8
2700,(place 1225),Tameside,(place 1225),Tameside,2
1481,(house 1204),Rochdale,(place 1230),Rochdale,8
2548,(house 798),Tameside,(place 1225),Tameside,8
2693,(house 708),Tameside,(place 1225),Tameside,8
2591,(place 1225),Tameside,(place 1225),Tameside,2
2596,(house 777),Tameside,(place 1225),Tameside,8
1526,(house 1167),Rochdale,(place 1230),Rochdale,8
1673,(place 1227),Bury,(house 208),Bury,5
1752,(place 1227),Bury,(place 1227),Bury,2
2587,(house 679),Tameside,(place 1225),Tameside,8
2450,(place 1228),Manchester,(house 315),Manchester,5
2689,(house 679),Tameside,(place 1225),Tameside,8
1984,(house 924),Salford,(place 1227),Bury,8
1324,(house 646),Oldham,(place 1231),Oldham,8
2536,(place 1225),Tameside,(place 1225),Tameside,2
2566,(place 1225),Tameside,(place 1225),Tameside,2
1487,(house 1134),Rochdale,(place 1231),Oldham,9
2596,(place 1225),Tameside,(place 1225),Tameside,2
2568,(house 761),Tameside,(place 1225),Tameside,9
1688,(house 195),Bury,(place 1227),Bury,9
1665,(place 1227),Bury,(place 1227),Bury,2
2687,(house 744),Tameside,(place 1225),Tameside,9
2681,(house 808),Tameside,(place 1225),Tameside,9
1270,(house 612),Oldham,(place 1231),Oldham,9
1564,(house 1141),Rochdale,(place 1231),Oldham,9
2620,(place 1225),Tameside,(place 1225),Tameside,2
2591,(place 1225),Tameside,(place 1225),Tameside,2
1843,(house 993),Trafford,(place 1228),Manchester,9
1657,(house 108),Bury,(place 1227),Bury,9
2700,(place 1225),Tameside,(place 1225),Tameside,2
2688,(place 1225),Tameside,(place 1225),Tameside,2
2450,(house 315),Manchester,(house 315),Manchester,2
2536,(place 1225),Tameside,(place 1225),Tameside,2
1592,(place 1230),Rochdale,(place 1230),Rochdale,2
1983,(house 924),Salford,(place 1226),Salford,9
2569,(house 808),Tameside,(place 1225),Tameside,9
2548,(place 1225),Tameside,(place 1225),Tameside,2
2532,(house 750),Tameside,(place 1225),Tameside,9
1580,(house 1118),Rochdale,(place 1230),Rochdale,9
2531,(house 810),Tameside,(place 1225),Tameside,9
2587,(place 1225),Tameside,(place 1225),Tameside,2
2656,(place 1225),Tameside,(place 1225),Tameside,2
2559,(house 810),Tameside,(place 1225),Tameside,9
1362,(house 647),Oldham,(place 1231),Oldham,9
2030,(house 898),Salford,(place 1226),Salford,9
2584,(house 784),Tameside,(place 1225),Tameside,9
1752,(place 1227),Bury,(place 1227),Bury,2
1578,(house 1100),Rochdale,(place 1230),Rochdale,9
2516,(place 1228),Manchester,(place 1228),Manchester,2
2357,(place 1228),Manchester,(house 521),Manchester,5
2655,(place 1225),Tameside,(place 1225),Tameside,2
2613,(house 750),Tameside,(place 1225),Tameside,9
2602,(house 767),Tameside,(place 1225),Tameside,9
2692,(house 703),Tameside,(place 1225),Tameside,9
1532,(house 1172),Rochdale,(place 1230),Rochdale,9
1884,(house 993),Trafford,(place 1228),Manchester,9
2555,(place 1225),Tameside,(place 1225),Tameside,2
2249,(house 319),Manchester,(place 1226),Salford,9
1526,(place 1230),Rochdale,(place 1230),Rochdale,2
2525,(house 772),Tameside,(place 1225),Tameside,9
2571,(place 1225),Tameside,(place 1225),Tameside,2
2449,(house 515),Manchester,(place 1228),Manchester,9
1977,(house 924),Salford,(place 1226),Salford,9
2538,(place 1225),Tameside,(place 1225),Tameside,2
2691,(house 746),Tameside,(place 1225),Tameside,9
1581,(house 1219),Rochdale,(place 1230),Rochdale,10
2700,(place 1225),Tameside,(place 1225),Tameside,2
2645,(house 783),Tameside,(place 1225),Tameside,10
2128,(house 950),Salford,(place 1226),Salford,10
1398,(house 572),Oldham,(place 1230),Rochdale,10
2613,(place 1225),Tameside,(place 1225),Tameside,2
2555,(place 1225),Tameside,(place 1225),Tameside,2
1668,(house 119),Bury,(place 1227),Bury,10
1501,(house 1203),Rochdale,(place 1226),Salford,10
2622,(house 682),Tameside,(place 1225),Tameside,10
2699,(house 773),Tameside,(place 1225),Tameside,10
2584,(place 1225),Tameside,(place 1225),Tameside,2
1270,(place 1231),Oldham,(place 1231),Oldham,2
1339,(house 618),Oldham,(place 1231),Oldham,10
1445,(house 1110),Rochdale,(place 1230),Rochdale,10
1676,(house 123),Bury,(place 1227),Bury,10
2531,(place 1225),Tameside,(place 1225),Tameside,2
1358,(house 658),Oldham,(place 1231),Oldham,10
2538,(place 1225),Tameside,(place 1225),Tameside,2
1638,(house 210),Bury,(place 1226),Salford,10
2566,(place 1225),Tameside,(place 1225),Tameside,2
1283,(house 628),Oldham,(place 1231),Oldham,10
1630,(place 1226),Salford,(house 186),Bury,6
2568,(place 1225),Tameside,(place 1225),Tameside,2
2691,(place 1225),Tameside,(place 1225),Tameside,2
2445,(house 538),Manchester,(place 1225),Tameside,10
2571,(place 1225),Tameside,(place 1225),Tameside,2
1391,(house 641),Oldham,(place 1231),Oldham,10
1438,(house 1154),Rochdale,(place 1230),Rochdale,10
1706,(house 123),Bury,(place 1227),Bury,10
2345,(house 225),Manchester,(place 1226),Salford,10
2688,(place 1225),Tameside,(place 1225),Tameside,2
2650,(house 804),Tameside,(place 1225),Tameside,10
1713,(house 207),Bury,(place 1227),Bury,10
2596,(place 1225),Tameside,(place 1225),Tameside,2
2532,(place 1225),Tameside,(place 1225),Tameside,2
2545,(house 783),Tameside,(place 1225),Tameside,10
1472,(house 1156),Rochdale,(place 1230),Rochdale,10
2543,(house 769),Tameside,(place 1231),Oldham,10
2536,(place 1225),Tameside,(place 1225),Tameside,2
1545,(house 1102),Rochdale,(place 1230),Rochdale,10
2569,(place 1225),Tameside,(place 1225),Tameside,2
1348,(house 631),Oldham,(place 1231),Oldham,10
2660,(house 774),Tameside,(place 1225),Tameside,10
1675,(house 172),Bury,(place 1226),Salford,10
1634,(house 161),Bury,(place 1226),Salford,10
1460,(house 1138),Rochdale,(place 1230),Rochdale,10
2620,(place 1225),Tameside,(place 1225),Tameside,2
1320,(house 628),Oldham,(place 1231),Oldham,10
2656,(place 1225),Tameside,(place 1225),Tameside,2
2526,(house 682),Tameside,(place 1225),Tameside,10
1347,(house 572),Oldham,(place 1230),Rochdale,10
2602,(place 1225),Tameside,(place 1225),Tameside,2
2620,(place 1225),Tameside,(place 1225),Tameside,2
1340,(house 598),Oldham,(place 1225),Tameside,11
1320,(place 1231),Oldham,(place 1231),Oldham,2
1445,(place 1230),Rochdale,(place 1230),Rochdale,2
1630,(house 186),Bury,(house 186),Bury,2
2696,(house 764),Tameside,(place 1225),Tameside,11
2530,(house 734),Tameside,(place 1225),Tameside,11
1604,(house 154),Bury,(place 1226),Salford,11
2700,(place 1225),Tameside,(place 1225),Tameside,2
1431,(house 1130),Rochdale,(place 1231),Oldham,11
2602,(place 1225),Tameside,(place 1225),Tameside,2
2699,(place 1225),Tameside,(place 1225),Tameside,2
2420,(house 495),Manchester,(place 1228),Manchester,11
1240,(house 667),Oldham,(place 1230),Rochdale,11
2582,(house 707),Tameside,(place 1225),Tameside,11
1645,(house 145),Bury,(place 1226),Salford,11
2253,(house 411),Manchester,(place 1228),Manchester,11
1634,(place 1226),Salford,(place 1226),Salford,2
2477,(house 294),Manchester,(place 1225),Tameside,11
1623,(house 151),Bury,(place 1227),Bury,11
1238,(house 548),Oldham,(place 1231),Oldham,11
1290,(house 546),Oldham,(place 1231),Oldham,11
1716,(house 214),Bury,(place 1226),Salford,11
2612,(house 681),Tameside,(place 1225),Tameside,11
1432,(house 1135),Rochdale,(place 1230),Rochdale,11
2643,(house 728),Tameside,(place 1231),Oldham,11
1824,(house 959),Trafford,(place 1229),Trafford,11
2304,(house 294),Manchester,(place 1225),Tameside,11
2588,(house 707),Tameside,(place 1225),Tameside,11
1680,(house 145),Bury,(place 1226),Salford,11
2560,(house 707),Tameside,(place 1225),Tameside,11
2566,(place 1225),Tameside,(place 1225),Tameside,2
2618,(house 724),Tameside,(place 1225),Tameside,11
2538,(place 1225),Tameside,(place 1225),Tameside,2
1277,(house 657),Oldham,(place 1225),Tameside,11
1706,(place 1227),Bury,(place 1227),Bury,2
2510,(house 310),Manchester,(place 1225),Tameside,11
2120,(house 824),Salford,(place 1227),Bury,11
1369,(house 546),Oldham,(place 1231),Oldham,11
2584,(place 1225),Tameside,(place 1225),Tameside,2
2611,(house 707),Tameside,(place 1225),Tameside,11
2536,(place 1225),Tameside,(place 1225),Tameside,2
1668,(place 1227),Bury,(place 1227),Bury,2
2656,(place 1225),Tameside,(place 1225),Tameside,2
2650,(place 1225),Tameside,(place 1225),Tameside,2
1349,(house 644),Oldham,(place 1231),Oldham,11
2555,(place 1225),Tameside,(place 1225),Tameside,2
1396,(house 563),Oldham,(place 1231),Oldham,11
1460,(place 1230),Rochdale,(place 1230),Rochdale,2
2590,(house 704),Tameside,(place 1225),Tameside,11
2526,(place 1225),Tameside,(place 1225),Tameside,2
2225,(house 442),Manchester,(place 1227),Bury,12
1988,(house 892),Salford,(place 1227),Bury,12
1416,(house 575),Oldham,(place 1225),Tameside,12
2181,(house 321),Manchester,(place 1227),Bury,12
1757,(house 113),Bury,(place 1226),Salford,12
2627,(place 1225),Tameside,(house 690),Tameside,7
2477,(place 1225),Tameside,(place 1225),Tameside,2
2620,(place 1225),Tameside,(place 1225),Tameside,2
2219,(house 332),Manchester,(place 1226),Salford,12
2618,(place 1225),Tameside,(place 1225),Tameside,2
2146,(house 247),Manchester,(place 1227),Bury,12
1615,(house 113),Bury,(place 1226),Salford,12
1287,(house 675),Oldham,(place 1231),Oldham,12
1333,(house 612),Oldham,(place 1230),Rochdale,12
2510,(place 1225),Tameside,(place 1225),Tameside,2
1460,(place 1230),Rochdale,(place 1230),Rochdale,2
1513,(house 1103),Rochdale,(place 1231),Oldham,12
2612,(place 1225),Tameside,(place 1225),Tameside,2
2291,(house 332),Manchester,(place 1226),Salford,12
1387,(house 575),Oldham,(place 1225),Tameside,12
2001,(house 926),Salford,(place 1227),Bury,12
2671,(house 807),Tameside,(place 1225),Tameside,12
1520,(house 1188),Rochdale,(place 1231),Oldham,12
2666,(house 722),Tameside,(place 1225),Tameside,12
1277,(place 1225),Tameside,(place 1225),Tameside,2
2526,(place 1225),Tameside,(place 1225),Tameside,2
2632,(house 742),Tameside,(place 1225),Tameside,12
2538,(place 1225),Tameside,(place 1225),Tameside,2
1724,(house 208),Bury,(place 1226),Salford,12
2361,(house 488),Manchester,(place 1225),Tameside,12
1309,(house 578),Oldham,(place 1231),Oldham,12
2588,(place 1225),Tameside,(place 1225),Tameside,2
1613,(place 1227),Bury,(house 121),Bury,7
2409,(house 482),Manchester,(place 1225),Tameside,12
1349,(place 1231),Oldham,(place 1231),Oldham,2
2576,(house 742),Tameside,(place 1225),Tameside,12
2397,(house 488),Manchester,(place 1225),Tameside,12
2684,(house 763),Tameside,(place 1225),Tameside,12
1693,(house 105),Bury,(place 1226),Salford,12
2388,(house 366),Manchester,(place 1228),Manchester,12
1449,(house 1103),Rochdale,(place 1231),Oldham,12
1533,(house 1109),Rochdale,(place 1231),Oldham,12
1583,(house 1193),Rochdale,(place 1230),Rochdale,12
1659,(house 168),Bury,(place 1226),Salford,12
1390,(house 620),Oldham,(place 1231),Oldham,12
2560,(place 1225),Tameside,(place 1225),Tameside,2
2566,(place 1225),Tameside,(place 1225),Tameside,2
2234,(house 539),Manchester,(place 1226),Salford,12
2422,(house 509),Manchester,(place 1225),Tameside,13
1308,(house 611),Oldham,(place 1230),Rochdale,13
2618,(place 1225),Tameside,(place 1225),Tameside,2
2390,(house 538),Manchester,(place 1225),Tameside,13
1471,(house 1222),Rochdale,(place 1230),Rochdale,13
2330,(house 538),Manchester,(place 1225),Tameside,13
2624,(house 771),Tameside,(place 1225),Tameside,13
2612,(place 1225),Tameside,(place 1225),Tameside,2
2397,(place 1225),Tameside,(place 1225),Tameside,2
2321,(house 409),Manchester,(place 1227),Bury,13
2482,(house 237),Manchester,(place 1227),Bury,13
2575,(place 1225),Tameside,(house 698),Tameside,7
2562,(house 786),Tameside,(place 1225),Tameside,13
1757,(place 1226),Salford,(place 1226),Salford,2
2508,(house 433),Manchester,(place 1227),Bury,13
1519,(house 1200),Rochdale,(place 1231),Oldham,13
1528,(house 1179),Rochdale,(place 1230),Rochdale,13
2666,(place 1225),Tameside,(place 1225),Tameside,2
2680,(house 771),Tameside,(place 1225),Tameside,13
1605,(house 124),Bury,(place 1226),Salford,13
2450,(house 315),Manchester,(place 1228),Manchester,5
1277,(place 1225),Tameside,(place 1225),Tameside,2
2173,(house 359),Manchester,(place 1226),Salford,13
2312,(house 518),Manchester,(place 1229),Trafford,13
2357,(house 521),Manchester,(place 1228),Manchester,5
1389,(house 607),Oldham,(place 1230),Rochdale,13
2576,(place 1225),Tameside,(place 1225),Tameside,2
2498,(house 466),Manchester,(place 1228),Manchester,13
1647,(house 142),Bury,(place 1226),Salford,13
2620,(place 1225),Tameside,(place 1225),Tameside,2
2588,(place 1225),Tameside,(place 1225),Tameside,2
1349,(place 1231),Oldham,(place 1231),Oldham,2
1343,(house 645),Oldham,(place 1230),Rochdale,13
1725,(house 124),Bury,(place 1226),Salford,13
2560,(place 1225),Tameside,(place 1225),Tameside,2
1233,(house 570),Oldham,(place 1225),Tameside,13
1301,(house 559),Oldham,(place 1231),Oldham,13
1640,(house 205),Bury,(place 1226),Salford,13
2176,(house 237),Manchester,(place 1227),Bury,13
2489,(house 506),Manchester,(place 1225),Tameside,13
2654,(house 786),Tameside,(place 1225),Tameside,13
1259,(house 583),Oldham,(place 1231),Oldham,13
2180,(house 256),Manchester,(place 1226),Salford,13
1615,(place 1226),Salford,(place 1226),Salford,2
2566,(place 1225),Tameside,(place 1225),Tameside,2
1310,(house 607),Oldham,(place 1230),Rochdale,13
2221,(house 470),Manchester,(place 1225),Tameside,13
2632,(place 1225),Tameside,(place 1225),Tameside,2
2635,(house 802),Tameside,(place 1225),Tameside,13
1659,(place 1226),Salford,(place 1226),Salford,2
2671,(place 1225),Tameside,(place 1225),Tameside,2
2361,(place 1225),Tameside,(place 1225),Tameside,2
1727,(place 1227),Bury,(house 192),Bury,8
2238,(house 534),Manchester,(place 1226),Salford,14
1923,(house 1017),Trafford,(place 1228),Manchester,14
2694,(place 1225),Tameside,(house 794),Tameside,8
2267,(house 374),Manchester,(place 1226),Salford,14
1704,(house 111),Bury,(place 1227),Bury,14
1510,(house 1171),Rochdale,(place 1231),Oldham,14
2671,(place 1225),Tameside,(place 1225),Tameside,2
2180,(place 1226),Salford,(place 1226),Salford,2
2226,(house 270),Manchester,(place 1225),Tameside,14
2600,(place 1225),Tameside,(house 776),Tameside,8
1647,(place 1226),Salford,(place 1226),Salford,2
2494,(place 1226),Salford,(house 455),Manchester,8
1890,(house 991),Trafford,(place 1228),Manchester,14
2321,(place 1227),Bury,(place 1227),Bury,2
2339,(house 471),Manchester,(place 1227),Bury,14
2562,(place 1225),Tameside,(place 1225),Tameside,2
2659,(place 1225),Tameside,(house 755),Tameside,8
2641,(place 1225),Tameside,(house 787),Tameside,8
1640,(place 1226),Salford,(place 1226),Salford,2
2594,(place 1225),Tameside,(house 730),Tameside,8
1349,(place 1231),Oldham,(place 1231),Oldham,2
1842,(house 1005),Trafford,(place 1229),Trafford,14
1901,(house 981),Trafford,(place 1228),Manchester,14
2640,(place 1225),Tameside,(house 695),Tameside,8
2221,(place 1225),Tameside,(place 1225),Tameside,2
2243,(house 270),Manchester,(place 1225),Tameside,14
1696,(house 185),Bury,(place 1226),Salford,14
2560,(place 1225),Tameside,(place 1225),Tameside,2
1455,(house 1161),Rochdale,(place 1230),Rochdale,14
2361,(place 1225),Tameside,(place 1225),Tameside,2
1471,(place 1230),Rochdale,(place 1230),Rochdale,2
2312,(place 1229),Trafford,(place 1229),Trafford,2
2674,(place 1225),Tameside,(house 775),Tameside,8
1301,(place 1231),Oldham,(place 1231),Oldham,2
1310,(place 1230),Rochdale,(place 1230),Rochdale,2
2612,(place 1225),Tameside,(place 1225),Tameside,2
2620,(place 1225),Tameside,(place 1225),Tameside,2
1884,(place 1228),Manchester,(place 1229),Trafford,6
1519,(place 1231),Oldham,(place 1231),Oldham,2
1279,(house 627),Oldham,(place 1230),Rochdale,14
1697,(place 1227),Bury,(house 206),Bury,8
2335,(house 437),Manchester,(place 1225),Tameside,14
1691,(place 1226),Salford,(house 183),Bury,8
1608,(place 1226),Salford,(house 213),Bury,8
2661,(place 1225),Tameside,(house 780),Tameside,8
2397,(place 1225),Tameside,(place 1225),Tameside,2
1293,(house 659),Oldham,(place 1230),Rochdale,14
2258,(house 380),Manchester,(place 1226),Salford,14
2203,(house 437),Manchester,(place 1225),Tameside,14
1784,(house 1017),Trafford,(place 1228),Manchester,14
2489,(place 1225),Tameside,(place 1225),Tameside,2
2350,(house 340),Manchester,(place 1226),Salford,14
1602,(house 149),Bury,(place 1227),Bury,15
2243,(place 1225),Tameside,(place 1225),Tameside,2
2339,(place 1227),Bury,(place 1227),Bury,2
2664,(house 738),Tameside,(place 1230),Rochdale,15
2318,(house 381),Manchester,(place 1225),Tameside,15
2620,(place 1225),Tameside,(place 1225),Tameside,2
2171,(house 361),Manchester,(place 1225),Tameside,15
1739,(house 158),Bury,(place 1226),Salford,15
2641,(house 787),Tameside,(house 787),Tameside,2
1574,(house 1186),Rochdale,(place 1231),Oldham,15
2471,(house 514),Manchester,(place 1228),Manchester,15
2270,(house 525),Manchester,(place 1225),Tameside,15
1890,(place 1228),Manchester,(place 1228),Manchester,2
2267,(place 1226),Salford,(place 1226),Salford,2
2082,(house 836),Salford,(place 1227),Bury,15
2628,(place 1225),Tameside,(house 721),Tameside,8
2203,(place 1225),Tameside,(place 1225),Tameside,2
2677,(place 1225),Tameside,(house 730),Tameside,8
2380,(house 228),Manchester,(place 1231),Oldham,15
1591,(house 1170),Rochdale,(place 1231),Oldham,15
2434,(house 534),Manchester,(place 1231),Oldham,15
2640,(house 695),Tameside,(house 695),Tameside,2
1696,(place 1226),Salford,(place 1226),Salford,2
2226,(place 1225),Tameside,(place 1225),Tameside,2
2460,(house 289),Manchester,(place 1225),Tameside,15
2612,(place 1225),Tameside,(place 1225),Tameside,2
1640,(place 1226),Salford,(place 1226),Salford,2
2658,(place 1225),Tameside,(house 754),Tameside,8
1901,(place 1228),Manchester,(place 1228),Manchester,2
2473,(house 435),Manchester,(place 1225),Tameside,15
1691,(house 183),Bury,(house 183),Bury,2
2361,(place 1225),Tameside,(place 1225),Tameside,2
2533,(place 1225),Tameside,(house 708),Tameside,9
2591,(place 1225),Tameside,(house 775),Tameside,8
2213,(house 473),Manchester,(place 1225),Tameside,16
2598,(house 792),Tameside,(place 1225),Tameside,16
2270,(place 1225),Tameside,(place 1225),Tameside,2
2474,(house 364),Manchester,(place 1228),Manchester,16
2690,(place 1225),Tameside,(house 700),Tameside,9
2664,(place 1230),Rochdale,(place 1230),Rochdale,2
2429,(house 285),Manchester,(place 1229),Trafford,16
2203,(place 1225),Tameside,(place 1225),Tameside,2
2693,(place 1225),Tameside,(house 708),Tameside,9
1405,(house 647),Oldham,(place 1230),Rochdale,16
2677,(house 730),Tameside,(house 730),Tameside,2
1857,(house 1052),Trafford,(place 1226),Salford,16
2362,(house 285),Manchester,(place 1229),Trafford,16
1400,(house 647),Oldham,(place 1230),Rochdale,16
2633,(place 1225),Tameside,(house 762),Tameside,9
1670,(place 1226),Salford,(house 209),Bury,9
1624,(place 1226),Salford,(house 197),Bury,9
2580,(house 743),Tameside,(place 1225),Tameside,16
1392,(house 647),Oldham,(place 1230),Rochdale,16
2528,(place 1225),Tameside,(house 789),Tameside,9
2616,(place 1225),Tameside,(house 700),Tameside,9
2689,(place 1225),Tameside,(house 679),Tameside,9
2639,(house 792),Tameside,(place 1225),Tameside,16
2201,(house 444),Manchester,(place 1226),Salford,16
1828,(house 1052),Trafford,(place 1226),Salford,16
2021,(house 896),Salford,(place 1226),Salford,16
2629,(place 1225),Tameside,(house 729),Tameside,9
2275,(house 498),Manchester,(place 1225),Tameside,16
2499,(house 246),Manchester,(place 1225),Tameside,16
2467,(house 365),Manchester,(place 1225),Tameside,16
1361,(house 619),Oldham,(place 1230),Rochdale,16
2628,(house 721),Tameside,(house 721),Tameside,2
2017,(place 1226),Salford,(place 1227),Bury,11
2433,(house 498),Manchester,(place 1225),Tameside,16
1607,(house 108),Bury,(place 1226),Salford,16
2658,(house 754),Tameside,(house 754),Tameside,2
2473,(place 1225),Tameside,(place 1225),Tameside,2
1488,(house 1119),Rochdale,(place 1231),Oldham,16
2372,(house 498),Manchester,(place 1225),Tameside,16
2620,(place 1225),Tameside,(place 1225),Tameside,2
2318,(place 1225),Tameside,(place 1225),Tameside,2
1248,(house 559),Oldham,(place 1226),Salford,16
2267,(place 1226),Salford,(place 1226),Salford,2
1566,(house 1167),Rochdale,(place 1231),Oldham,16
2082,(place 1227),Bury,(place 1227),Bury,2
1285,(place 1225),Tameside,(house 545),Oldham,9
2521,(place 1225),Tameside,(house 729),Tameside,9
2641,(house 787),Tameside,(house 787),Tameside,2
1481,(place 1230),Rochdale,(house 1204),Rochdale,9
2571,(place 1225),Tameside,(house 780),Tameside,8
2655,(place 1225),Tameside,(house 758),Tameside,9
2473,(place 1225),Tameside,(place 1225),Tameside,2
1400,(place 1230),Rochdale,(place 1230),Rochdale,2
2548,(place 1225),Tameside,(house 798),Tameside,9
2318,(place 1225),Tameside,(place 1225),Tameside,2
1723,(house 170),Bury,(place 1227),Bury,17
2581,(house 791),Tameside,(place 1225),Tameside,17
2672,(house 711),Tameside,(place 1225),Tameside,17
2677,(house 730),Tameside,(house 730),Tameside,2
2528,(house 789),Tameside,(house 789),Tameside,2
2162,(house 376),Manchester,(place 1225),Tameside,17
2270,(place 1225),Tameside,(place 1225),Tameside,2
1850,(house 991),Trafford,(place 1229),Trafford,17
2365,(house 228),Manchester,(place 1231),Oldham,17
2499,(place 1225),Tameside,(place 1225),Tameside,2
2689,(house 679),Tameside,(house 679),Tameside,2
2690,(house 700),Tameside,(house 700),Tameside,2
2616,(house 700),Tameside,(house 700),Tameside,2
2587,(place 1225),Tameside,(house 679),Tameside,9
2213,(place 1225),Tameside,(place 1225),Tameside,2
2307,(house 259),Manchester,(place 1226),Salford,17
2372,(place 1225),Tameside,(place 1225),Tameside,2
2591,(house 775),Tameside,(house 775),Tameside,2
2478,(house 502),Manchester,(place 1225),Tameside,17
2433,(place 1225),Tameside,(place 1225),Tameside,2
2658,(house 754),Tameside,(house 754),Tameside,2
2620,(place 1225),Tameside,(place 1225),Tameside,2
1361,(place 1230),Rochdale,(place 1230),Rochdale,2
2271,(house 275),Manchester,(place 1228),Manchester,17
2310,(house 400),Manchester,(place 1229),Trafford,17
2426,(house 502),Manchester,(place 1225),Tameside,17
2467,(place 1225),Tameside,(place 1225),Tameside,2
2251,(house 429),Manchester,(place 1225),Tameside,17
2559,(place 1225),Tameside,(house 810),Tameside,10
1977,(place 1226),Salford,(house 924),Salford,10
1613,(house 121),Bury,(place 1227),Bury,7
2692,(place 1225),Tameside,(house 703),Tameside,10
2703,(house 687),Tameside,(place 1230),Rochdale,18
2162,(place 1225),Tameside,(place 1225),Tameside,2
2473,(place 1225),Tameside,(place 1225),Tameside,2
2596,(place 1225),Tameside,(house 777),Tameside,9
2433,(place 1225),Tameside,(place 1225),Tameside,2
2325,(house 239),Manchester,(place 1225),Tameside,18
1327,(house 624),Oldham,(place 1231),Oldham,18
1700,(house 150),Bury,(place 1227),Bury,18
2307,(place 1226),Salford,(place 1226),Salford,2
2627,(house 690),Tameside,(place 1225),Tameside,7
1578,(place 1230),Rochdale,(house 1100),Rochdale,10
2616,(house 700),Tameside,(house 700),Tameside,2
2467,(place 1225),Tameside,(place 1225),Tameside,2
2235,(house 239),Manchester,(place 1225),Tameside,18
2667,(house 790),Tameside,(place 1225),Tameside,18
2251,(place 1225),Tameside,(place 1225),Tameside,2
1362,(place 1231),Oldham,(house 647),Oldham,10
1818,(house 1052),Trafford,(place 1228),Manchester,18
2240,(house 358),Manchester,(place 1228),Manchester,18
2265,(house 485),Manchester,(place 1226),Salford,18
2681,(place 1225),Tameside,(house 808),Tameside,10
1403,(house 638),Oldham,(place 1231),Oldham,18
2365,(place 1231),Oldham,(place 1231),Oldham,2
1667,(house 197),Bury,(place 1227),Bury,18
1537,(house 1139),Rochdale,(place 1230),Rochdale,18
2648,(house 790),Tameside,(place 1225),Tameside,18
2552,(house 692),Tameside,(place 1225),Tameside,18
2658,(house 754),Tameside,(house 754),Tameside,2
2536,(place 1225),Tameside,(house 694),Tameside,8
2687,(place 1225),Tameside,(house 744),Tameside,10
2700,(place 1225),Tameside,(house 718),Tameside,8
1232,(house 676),Oldham,(place 1230),Rochdale,18
2620,(place 1225),Tameside,(place 1225),Tameside,2
2356,(house 234),Manchester,(place 1225),Tameside,18
2571,(house 780),Tameside,(house 780),Tameside,2
2454,(house 499),Manchester,(place 1225),Tameside,18
2528,(house 789),Tameside,(house 789),Tameside,2
1698,(house 150),Bury,(place 1227),Bury,18
1428,(house 1137),Rochdale,(place 1227),Bury,18
2636,(house 739),Tameside,(place 1225),Tameside,18
2478,(place 1225),Tameside,(place 1225),Tameside,2
2198,(house 531),Manchester,(place 1228),Manchester,18
1532,(place 1230),Rochdale,(house 1172),Rochdale,10
2688,(place 1225),Tameside,(house 723),Tameside,9
2499,(place 1225),Tameside,(place 1225),Tameside,2
1265,(house 578),Oldham,(place 1226),Salford,18
2318,(place 1225),Tameside,(place 1225),Tameside,2
2386,(house 234),Manchester,(place 1225),Tameside,18
2593,(house 737),Tameside,(place 1225),Tameside,18
2581,(place 1225),Tameside,(place 1225),Tameside,2
2525,(place 1225),Tameside,(house 772),Tameside,10
2548,(house 798),Tameside,(house 798),Tameside,2
2689,(house 679),Tameside,(house 679),Tameside,2
2274,(house 478),Manchester,(place 1225),Tameside,19
2531,(place 1225),Tameside,(house 810),Tameside,10
2681,(house 808),Tameside,(house 808),Tameside,2
2528,(house 789),Tameside,(house 789),Tameside,2
2187,(house 323),Manchester,(place 1228),Manchester,19
2499,(place 1225),Tameside,(place 1225),Tameside,2
1777,(house 975),Trafford,(place 1229),Trafford,19
2382,(house 339),Manchester,(place 1228),Manchester,19
2356,(place 1225),Tameside,(place 1225),Tameside,2
1577,(house 1188),Rochdale,(place 1230),Rochdale,19
2571,(house 780),Tameside,(house 780),Tameside,2
2506,(house 478),Manchester,(place 1225),Tameside,19
2525,(house 772),Tameside,(house 772),Tameside,2
2552,(place 1225),Tameside,(place 1225),Tameside,2
1803,(house 975),Trafford,(place 1229),Trafford,19
1303,(house 553),Oldham,(place 1231),Oldham,19
2498,(place 1228),Manchester,(place 1229),Trafford,7
1529,(house 1136),Rochdale,(place 1226),Salford,19
2555,(place 1225),Tameside,(house 702),Tameside,9
2473,(place 1225),Tameside,(place 1225),Tameside,2
2478,(place 1225),Tameside,(place 1225),Tameside,2
2542,(house 765),Tameside,(place 1225),Tameside,19
2568,(place 1225),Tameside,(house 761),Tameside,10
2318,(place 1225),Tameside,(place 1225),Tameside,2
2467,(place 1225),Tameside,(place 1225),Tameside,2
1983,(place 1226),Salford,(place 1227),Bury,11
2554,(house 713),Tameside,(place 1225),Tameside,19
2532,(place 1225),Tameside,(house 750),Tameside,10
1752,(place 1227),Bury,(place 1226),Salford,11
2235,(place 1225),Tameside,(place 1225),Tameside,2
2656,(place 1225),Tameside,(house 705),Tameside,9
2569,(place 1225),Tameside,(house 808),Tameside,10
1664,(house 132),Bury,(place 1226),Salford,19
2613,(place 1225),Tameside,(house 750),Tameside,10
2688,(house 723),Tameside,(house 723),Tameside,2
2691,(place 1225),Tameside,(house 746),Tameside,10
2548,(house 798),Tameside,(house 798),Tameside,2
2627,(place 1225),Tameside,(place 1225),Tameside,2
1428,(place 1227),Bury,(place 1227),Bury,2
2421,(house 478),Manchester,(place 1225),Tameside,19
2325,(place 1225),Tameside,(place 1225),Tameside,2
1341,(house 553),Oldham,(place 1231),Oldham,19
2658,(house 754),Tameside,(house 754),Tameside,2
1461,(house 1103),Rochdale,(place 1226),Salford,19
1362,(house 647),Oldham,(house 647),Oldham,2
2700,(house 718),Tameside,(house 718),Tameside,2
2454,(place 1225),Tameside,(place 1225),Tameside,2
2450,(place 1228),Manchester,(place 1229),Trafford,7
2433,(place 1225),Tameside,(place 1225),Tameside,2
2575,(house 698),Tameside,(place 1225),Tameside,7
2667,(place 1225),Tameside,(place 1225),Tameside,2
1613,(place 1227),Bury,(place 1227),Bury,2
2555,(house 702),Tameside,(house 702),Tameside,2
2525,(house 772),Tameside,(house 772),Tameside,2
2445,(place 1225),Tameside,(house 538),Manchester,11
1803,(place 1229),Trafford,(place 1229),Trafford,2
2506,(place 1225),Tameside,(place 1225),Tameside,2
1743,(house 139),Bury,(place 1226),Salford,20
2345,(place 1226),Salford,(place 1227),Bury,11
2542,(place 1225),Tameside,(place 1225),Tameside,2
2504,(house 415),Manchester,(place 1225),Tameside,20
2569,(house 808),Tameside,(house 808),Tameside,2
2498,(place 1229),Trafford,(place 1229),Trafford,2
2683,(house 760),Tameside,(place 1225),Tameside,20
1529,(place 1226),Salford,(place 1226),Salford,2
2545,(place 1225),Tameside,(house 783),Tameside,11
2318,(place 1225),Tameside,(place 1225),Tameside,2
2660,(place 1225),Tameside,(house 774),Tameside,11
1300,(house 623),Oldham,(place 1230),Rochdale,20
2473,(place 1225),Tameside,(place 1225),Tameside,2
2421,(place 1225),Tameside,(place 1225),Tameside,2
2356,(place 1225),Tameside,(place 1225),Tameside,2
2602,(place 1225),Tameside,(house 767),Tameside,10
2222,(house 282),Manchester,(place 1225),Tameside,20
1826,(house 1020),Trafford,(place 1226),Salford,20
2658,(house 754),Tameside,(house 754),Tameside,2
2538,(place 1225),Tameside,(house 729),Tameside,9
2499,(place 1225),Tameside,(place 1225),Tameside,2
2166,(house 529),Manchester,(place 1229),Trafford,20
2153,(house 530),Manchester,(place 1228),Manchester,20
2571,(house 780),Tameside,(house 780),Tameside,2
1438,(place 1230),Rochdale,(house 1154),Rochdale,11
2552,(place 1225),Tameside,(place 1225),Tameside,2
2456,(house 535),Manchester,(place 1228),Manchester,20
2313,(house 287),Manchester,(place 1229),Trafford,20
2478,(place 1225),Tameside,(place 1225),Tameside,2
2613,(house 750),Tameside,(house 750),Tameside,2
1348,(place 1231),Oldham,(house 631),Oldham,11
2622,(place 1225),Tameside,(house 682),Tameside,11
1334,(house 614),Oldham,(place 1230),Rochdale,20
2452,(house 275),Manchester,(place 1228),Manchester,20
2433,(place 1225),Tameside,(place 1225),Tameside,2
1638,(place 1226),Salford,(house 210),Bury,11
2584,(place 1225),Tameside,(house 784),Tameside,10
2218,(house 531),Manchester,(place 1229),Trafford,20
2627,(place 1225),Tameside,(place 1225),Tameside,2
2467,(place 1225),Tameside,(place 1225),Tameside,2
2645,(place 1225),Tameside,(house 783),Tameside,11
1577,(place 1230),Rochdale,(place 1230),Rochdale,2
1716,(place 1226),Salford,(place 1227),Bury,11
2674,(house 775),Tameside,(place 1225),Tameside,8
2694,(house 794),Tameside,(place 1225),Tameside,8
2645,(house 783),Tameside,(house 783),Tameside,2
2584,(house 784),Tameside,(house 784),Tameside,2
1634,(place 1226),Salford,(house 161),Bury,11
2499,(place 1225),Tameside,(place 1225),Tameside,2
2254,(house 332),Manchester,(place 1231),Oldham,21
1257,(house 559),Oldham,(place 1227),Bury,21
2456,(place 1228),Manchester,(place 1228),Manchester,2
2277,(house 231),Manchester,(place 1226),Salford,21
1630,(house 186),Bury,(place 1227),Bury,11
2571,(house 780),Tameside,(house 780),Tameside,2
2256,(house 238),Manchester,(place 1228),Manchester,21
2218,(place 1229),Trafford,(place 1229),Trafford,2
2658,(house 754),Tameside,(house 754),Tameside,2
2650,(place 1225),Tameside,(house 804),Tameside,11
2048,(house 951),Salford,(place 1226),Salford,21
2660,(house 774),Tameside,(house 774),Tameside,2
2395,(house 340),Manchester,(place 1227),Bury,21
2525,(house 772),Tameside,(house 772),Tameside,2
2486,(house 417),Manchester,(place 1225),Tameside,21
1577,(place 1230),Rochdale,(place 1230),Rochdale,2
2594,(house 730),Tameside,(place 1225),Tameside,8
2444,(house 522),Manchester,(place 1226),Salford,21
2555,(house 702),Tameside,(house 702),Tameside,2
2056,(house 840),Salford,(place 1227),Bury,21
2478,(place 1225),Tameside,(place 1225),Tameside,2
1608,(house 213),Bury,(place 1226),Salford,8
2661,(house 780),Tameside,(place 1225),Tameside,8
2683,(place 1225),Tameside,(place 1225),Tameside,2
1697,(house 206),Bury,(place 1227),Bury,8
2622,(house 682),Tameside,(house 682),Tameside,2
1394,(house 553),Oldham,(place 1230),Rochdale,21
1901,(place 1228),Manchester,(place 1229),Trafford,7
2356,(place 1225),Tameside,(place 1225),Tameside,2
1874,(house 978),Trafford,(place 1226),Salford,21
1999,(house 817),Salford,(place 1231),Oldham,21
2699,(place 1225),Tameside,(house 773),Tameside,11
2566,(place 1225),Tameside,(house 702),Tameside,9
2473,(place 1225),Tameside,(place 1225),Tameside,2
2504,(place 1225),Tameside,(place 1225),Tameside,2
2659,(house 755),Tameside,(place 1225),Tameside,8
2153,(place 1228),Manchester,(place 1228),Manchester,2
2244,(house 295),Manchester,(place 1230),Rochdale,21
2600,(house 776),Tameside,(place 1225),Tameside,8
2585,(house 756),Tameside,(place 1225),Tameside,21
2538,(house 729),Tameside,(house 729),Tameside,2
2494,(house 455),Manchester,(place 1226),Salford,8
2542,(place 1225),Tameside,(place 1225),Tameside,2
1565,(house 1199),Rochdale,(place 1226),Salford,21
2645,(house 783),Tameside,(house 783),Tameside,2
2303,(house 383),Manchester,(place 1226),Salford,22
2249,(place 1226),Salford,(place 1227),Bury,14
2696,(place 1225),Tameside,(house 764),Tameside,12
1901,(place 1229),Trafford,(place 1229),Trafford,2
2153,(place 1228),Manchester,(place 1228),Manchester,2
2427,(house 463),Manchester,(place 1229),Trafford,22
2659,(place 1225),Tameside,(place 1225),Tameside,2
1645,(place 1226),Salford,(house 145),Bury,12
2458,(house 227),Manchester,(place 1228),Manchester,22
1257,(place 1227),Bury,(place 1227),Bury,2
1240,(place 1230),Rochdale,(house 667),Oldham,12
2622,(house 682),Tameside,(house 682),Tameside,2
2530,(place 1225),Tameside,(house 734),Tameside,12
2420,(place 1228),Manchester,(house 495),Manchester,12
2304,(place 1225),Tameside,(house 294),Manchester,12
1824,(place 1229),Trafford,(house 959),Trafford,12
2277,(place 1226),Salford,(place 1226),Salford,2
2526,(place 1225),Tameside,(house 682),Tameside,11
2124,(house 949),Salford,(place 1226),Salford,22
2479,(house 480),Manchester,(place 1229),Trafford,22
1234,(house 568),Oldham,(place 1230),Rochdale,22
2590,(place 1225),Tameside,(house 704),Tameside,12
2147,(house 416),Manchester,(place 1231),Oldham,22
2504,(place 1225),Tameside,(place 1225),Tameside,2
2611,(place 1225),Tameside,(house 707),Tameside,12
2354,(house 480),Manchester,(place 1229),Trafford,22
1430,(house 1156),Rochdale,(place 1231),Oldham,22
1916,(house 1090),Trafford,(place 1229),Trafford,22
2054,(house 949),Salford,(place 1226),Salford,22
2368,(house 359),Manchester,(place 1231),Oldham,22
2600,(place 1225),Tameside,(place 1225),Tameside,2
2356,(place 1225),Tameside,(place 1225),Tameside,2
2640,(house 695),Tameside,(place 1225),Tameside,8
2456,(place 1228),Manchester,(place 1228),Manchester,2
2658,(house 754),Tameside,(house 754),Tameside,2
1534,(house 1156),Rochdale,(place 1231),Oldham,22
2232,(house 228),Manchester,(place 1230),Rochdale,22
2056,(place 1227),Bury,(place 1227),Bury,2
2217,(house 480),Manchester,(place 1229),Trafford,22
1565,(place 1226),Salford,(place 1226),Salford,2
2660,(house 774),Tameside,(house 774),Tameside,2
1439,(house 1138),Rochdale,(place 1231),Oldham,22
1396,(place 1231),Oldham,(house 563),Oldham,12
1444,(house 1150),Rochdale,(place 1231),Oldham,22
2694,(place 1225),Tameside,(place 1225),Tameside,2
1797,(house 1083),Trafford,(place 1226),Salford,22
1876,(house 1042),Trafford,(place 1226),Salford,22
1593,(house 1156),Rochdale,(place 1231),Oldham,22
2643,(place 1231),Oldham,(house 728),Tameside,12
2254,(place 1231),Oldham,(place 1231),Oldham,2
2218,(place 1229),Trafford,(place 1229),Trafford,2
2444,(place 1226),Salford,(place 1226),Salford,2
1340,(place 1225),Tameside,(house 598),Oldham,12
2699,(house 773),Tameside,(house 773),Tameside,2
2441,(house 388),Manchester,(place 1228),Manchester,22
2683,(place 1225),Tameside,(place 1225),Tameside,2
2181,(place 1227),Bury,(place 1226),Salford,11
2555,(house 702),Tameside,(house 702),Tameside,2
2571,(house 780),Tameside,(house 780),Tameside,2
2661,(place 1225),Tameside,(place 1225),Tameside,2
1527,(house 1125),Rochdale,(place 1231),Oldham,22
2158,(house 463),Manchester,(place 1229),Trafford,22
2252,(house 534),Manchester,(place 1230),Rochdale,22
2574,(house 731),Tameside,(place 1225),Tameside,22
2374,(house 236),Manchester,(place 1228),Manchester,22
2582,(place 1225),Tameside,(house 707),Tameside,12
1908,(house 1010),Trafford,(place 1227),Bury,22
1874,(place 1226),Salford,(place 1226),Salford,2
2174,(house 322),Manchester,(place 1229),Trafford,23
2571,(house 780),Tameside,(house 780),Tameside,2
2504,(place 1225),Tameside,(place 1225),Tameside,2
2653,(house 753),Tameside,(place 1225),Tameside,23
2167,(house 541),Manchester,(place 1225),Tameside,23
2699,(house 773),Tameside,(house 773),Tameside,2
2368,(place 1231),Oldham,(place 1231),Oldham,2
1347,(place 1230),Rochdale,(place 1231),Oldham,14
2218,(place 1229),Trafford,(place 1229),Trafford,2
2254,(place 1231),Oldham,(place 1231),Oldham,2
2694,(place 1225),Tameside,(place 1225),Tameside,2
2375,(house 359),Manchester,(place 1229),Trafford,23
2517,(house 541),Manchester,(place 1225),Tameside,23
2661,(place 1225),Tameside,(place 1225),Tameside,2
1402,(house 625),Oldham,(place 1225),Tameside,23
1758,(house 983),Trafford,(place 1226),Salford,23
2641,(house 787),Tameside,(place 1225),Tameside,8
2054,(place 1226),Salford,(place 1226),Salford,2
2252,(place 1230),Rochdale,(place 1230),Rochdale,2
1654,(house 151),Bury,(place 1226),Salford,23
2185,(house 268),Manchester,(place 1229),Trafford,23
1867,(house 974),Trafford,(place 1229),Trafford,23
2181,(place 1226),Salford,(place 1226),Salford,2
1592,(place 1230),Rochdale,(place 1231),Oldham,15
1657,(place 1227),Bury,(place 1226),Salford,15
2445,(house 538),Manchester,(house 538),Manchester,4
2611,(house 707),Tameside,(house 707),Tameside,2
1235,(house 576),Oldham,(place 1230),Rochdale,23
2322,(house 481),Manchester,(place 1229),Trafford,23
1340,(house 598),Oldham,(house 598),Oldham,2
1527,(place 1231),Oldham,(place 1231),Oldham,2
2510,(place 1225),Tameside,(house 310),Manchester,12
2292,(house 322),Manchester,(place 1226),Salford,23
1900,(house 1079),Trafford,(place 1226),Salford,23
2696,(house 764),Tameside,(house 764),Tameside,2
2628,(house 721),Tameside,(place 1225),Tameside,8
2660,(house 774),Tameside,(house 774),Tameside,2
1834,(house 1039),Trafford,(place 1227),Bury,23
2477,(place 1225),Tameside,(house 294),Manchester,12
2284,(house 311),Manchester,(place 1229),Trafford,23
2374,(place 1228),Manchester,(place 1228),Manchester,2
2356,(place 1225),Tameside,(place 1225),Tameside,2
1849,(house 1055),Trafford,(place 1226),Salford,23
2377,(house 243),Manchester,(place 1228),Manchester,23
2444,(place 1226),Salford,(place 1226),Salford,2
2533,(house 708),Tameside,(house 708),Tameside,8
2197,(house 329),Manchester,(place 1228),Manchester,23
1848,(house 964),Trafford,(place 1226),Salford,24
1758,(place 1226),Salford,(place 1226),Salford,2
2510,(house 310),Manchester,(house 310),Manchester,2
1770,(house 1020),Trafford,(place 1228),Manchester,24
2677,(house 730),Tameside,(place 1225),Tameside,8
1624,(house 197),Bury,(place 1226),Salford,9
2360,(house 312),Manchester,(place 1225),Tameside,24
2618,(place 1225),Tameside,(house 724),Tameside,12
1940,(house 1066),Trafford,(place 1226),Salford,24
2649,(house 745),Tameside,(place 1230),Rochdale,24
2633,(house 762),Tameside,(place 1225),Tameside,9
2184,(house 431),Manchester,(place 1229),Trafford,24
1390,(place 1231),Oldham,(house 620),Oldham,13
1278,(house 576),Oldham,(place 1227),Bury,24
1407,(house 672),Oldham,(place 1231),Oldham,24
1996,(house 844),Salford,(place 1228),Manchester,24
2329,(house 225),Manchester,(place 1228),Manchester,24
2446,(house 332),Manchester,(place 1228),Manchester,24
1402,(place 1225),Tameside,(place 1225),Tameside,2
1872,(house 1029),Trafford,(place 1227),Bury,24
2388,(place 1228),Manchester,(house 366),Manchester,13
2504,(place 1225),Tameside,(place 1225),Tameside,2
2409,(place 1225),Tameside,(house 482),Manchester,13
2521,(house 729),Tameside,(place 1225),Tameside,9
1513,(place 1231),Oldham,(house 1103),Rochdale,13
2445,(house 538),Manchester,(house 538),Manchester,2
1340,(house 598),Oldham,(house 598),Oldham,2
2699,(house 773),Tameside,(house 773),Tameside,2
1416,(place 1225),Tameside,(house 575),Oldham,13
2533,(house 708),Tameside,(house 708),Tameside,2
1506,(house 1103),Rochdale,(place 1227),Bury,24
2684,(place 1225),Tameside,(house 763),Tameside,13
2571,(house 780),Tameside,(house 780),Tameside,2
1834,(place 1227),Bury,(place 1227),Bury,2
2219,(place 1226),Salford,(house 332),Manchester,13
2177,(house 320),Manchester,(place 1228),Manchester,24
2118,(house 839),Salford,(place 1226),Salford,24
2588,(place 1225),Tameside,(house 707),Tameside,12
1867,(place 1229),Trafford,(place 1229),Trafford,2
1693,(place 1226),Salford,(house 105),Bury,13
2502,(house 476),Manchester,(place 1225),Tameside,24
2146,(place 1227),Bury,(house 247),Manchester,13
2037,(house 855),Salford,(place 1226),Salford,24
1425,(house 1103),Rochdale,(place 1227),Bury,24
1277,(place 1225),Tameside,(house 657),Oldham,12
2291,(place 1226),Salford,(house 332),Manchester,13
1900,(place 1226),Salford,(place 1226),Salford,2
1236,(house 586),Oldham,(place 1231),Oldham,24
2407,(house 514),Manchester,(place 1227),Bury,24
2685,(house 745),Tameside,(place 1230),Rochdale,24
1573,(house 1188),Rochdale,(place 1227),Bury,24
1654,(place 1226),Salford,(place 1226),Salford,2
2225,(place 1227),Bury,(house 442),Manchester,13
2211,(house 320),Manchester,(place 1228),Manchester,24
2477,(house 294),Manchester,(house 294),Manchester,2
2629,(house 729),Tameside,(place 1225),Tameside,9
1540,(house 1163),Rochdale,(place 1227),Bury,24
2349,(house 320),Manchester,(place 1228),Manchester,24
2591,(house 775),Tameside,(place 1225),Tameside,8
1449,(place 1231),Oldham,(house 1103),Rochdale,13
2611,(house 707),Tameside,(house 707),Tameside,2
2693,(house 708),Tameside,(place 1225),Tameside,9
1387,(place 1225),Tameside,(house 575),Oldham,13
2575,(place 1225),Tameside,(house 698),Tameside,7
2611,(house 707),Tameside,(house 707),Tameside,2
1900,(place 1226),Salford,(place 1226),Salford,2
2655,(house 758),Tameside,(place 1225),Tameside,9
1804,(house 1021),Trafford,(place 1226),Salford,25
1359,(house 546),Oldham,(place 1226),Salford,25
2146,(house 247),Manchester,(house 247),Manchester,2
2587,(house 679),Tameside,(place 1225),Tameside,9
2313,(place 1229),Trafford,(place 1228),Manchester,6
1867,(place 1229),Trafford,(place 1229),Trafford,2
1236,(place 1231),Oldham,(place 1231),Oldham,2
1388,(house 667),Oldham,(place 1226),Salford,25
1868,(house 968),Trafford,(place 1226),Salford,25
1810,(house 1090),Trafford,(place 1231),Oldham,25
1647,(place 1226),Salford,(place 1227),Bury,12
2510,(house 310),Manchester,(house 310),Manchester,2
2047,(house 874),Salford,(place 1228),Manchester,25
2118,(place 1226),Salford,(place 1226),Salford,2
1613,(place 1227),Bury,(house 121),Bury,7
1863,(house 972),Trafford,(place 1226),Salford,25
2360,(place 1225),Tameside,(place 1225),Tameside,2
2560,(place 1225),Tameside,(house 707),Tameside,12
1777,(place 1229),Trafford,(place 1228),Manchester,7
2533,(house 708),Tameside,(house 708),Tameside,2
2450,(place 1229),Trafford,(place 1228),Manchester,7
1309,(place 1231),Oldham,(place 1230),Rochdale,14
1340,(house 598),Oldham,(house 598),Oldham,2
1966,(house 858),Salford,(place 1226),Salford,25
1932,(house 1003),Trafford,(place 1227),Bury,25
2477,(house 294),Manchester,(house 294),Manchester,2
2666,(place 1225),Tameside,(house 722),Tameside,13
1617,(house 175),Bury,(place 1227),Bury,25
2504,(place 1225),Tameside,(place 1225),Tameside,2
2633,(place 1225),Tameside,(place 1225),Tameside,2
2632,(place 1225),Tameside,(house 742),Tameside,13
1770,(place 1228),Manchester,(place 1228),Manchester,2
2576,(place 1225),Tameside,(house 742),Tameside,13
1285,(house 545),Oldham,(house 545),Oldham,10
2629,(place 1225),Tameside,(place 1225),Tameside,2
1382,(house 644),Oldham,(place 1226),Salford,25
2591,(place 1225),Tameside,(place 1225),Tameside,2
1779,(house 1071),Trafford,(place 1228),Manchester,25
2036,(house 913),Salford,(place 1229),Trafford,25
2690,(house 700),Tameside,(place 1225),Tameside,9
2536,(house 694),Tameside,(place 1225),Tameside,8
2699,(house 773),Tameside,(house 773),Tameside,2
1633,(house 181),Bury,(place 1227),Bury,25
2349,(place 1228),Manchester,(place 1228),Manchester,2
1656,(house 181),Bury,(place 1227),Bury,25
2536,(place 1225),Tameside,(place 1225),Tameside,2
2635,(place 1225),Tameside,(house 802),Tameside,14
2132,(house 832),Salford,(place 1231),Oldham,26
1798,(house 971),Trafford,(place 1226),Salford,26
1906,(house 978),Trafford,(place 1227),Bury,26
1238,(place 1231),Oldham,(place 1230),Rochdale,16
2689,(house 679),Tameside,(place 1225),Tameside,9
2423,(house 416),Manchester,(place 1228),Manchester,26
2690,(place 1225),Tameside,(place 1225),Tameside,2
2612,(place 1225),Tameside,(house 681),Tameside,12
2498,(place 1229),Trafford,(place 1228),Manchester,7
2390,(place 1225),Tameside,(house 538),Manchester,14
1789,(house 1092),Trafford,(place 1228),Manchester,26
2652,(house 803),Tameside,(place 1225),Tameside,26
1424,(house 1161),Rochdale,(place 1231),Oldham,26
2671,(place 1225),Tameside,(house 807),Tameside,13
2207,(house 339),Manchester,(place 1227),Bury,26
1519,(place 1231),Oldham,(place 1230),Rochdale,13
2422,(place 1225),Tameside,(house 509),Manchester,14
1982,(house 944),Salford,(place 1226),Salford,26
2504,(place 1225),Tameside,(place 1225),Tameside,2
2102,(house 896),Salford,(place 1229),Trafford,26
2556,(house 728),Tameside,(place 1226),Salford,26
1359,(place 1226),Salford,(place 1226),Salford,2
2313,(place 1228),Manchester,(place 1228),Manchester,2
1952,(house 876),Salford,(place 1227),Bury,26
2576,(house 742),Tameside,(house 742),Tameside,2
2330,(place 1225),Tameside,(house 384),Manchester,14
2397,(place 1225),Tameside,(house 488),Manchester,13
2627,(place 1225),Tameside,(house 690),Tameside,7
2596,(house 777),Tameside,(place 1225),Tameside,9
2165,(house 225),Manchester,(place 1229),Trafford,26
2360,(place 1225),Tameside,(place 1225),Tameside,2
1236,(place 1231),Oldham,(place 1231),Oldham,2
2638,(house 803),Tameside,(place 1225),Tameside,26
2616,(house 700),Tameside,(place 1225),Tameside,9
2176,(place 1227),Bury,(house 237),Manchester,14
2680,(place 1225),Tameside,(house 771),Tameside,14
1379,(house 668),Oldham,(place 1230),Rochdale,26
1812,(house 974),Trafford,(place 1231),Oldham,26
1613,(house 121),Bury,(house 121),Bury,2
1340,(house 598),Oldham,(house 598),Oldham,2
2533,(house 708),Tameside,(house 708),Tameside,2
1233,(place 1225),Tameside,(house 545),Oldham,14
2624,(place 1225),Tameside,(house 771),Tameside,14
1289,(house 668),Oldham,(place 1230),Rochdale,26
2633,(place 1225),Tameside,(place 1225),Tameside,2
2700,(house 718),Tameside,(place 1225),Tameside,8
2620,(place 1225),Tameside,(house 758),Tameside,9
2654,(place 1225),Tameside,(house 786),Tameside,14
2575,(house 698),Tameside,(house 698),Tameside,2
1820,(house 978),Trafford,(place 1227),Bury,26
2675,(house 803),Tameside,(place 1225),Tameside,26
2548,(house 798),Tameside,(place 1225),Tameside,9
1774,(house 1026),Trafford,(place 1228),Manchester,27
1905,(house 970),Trafford,(place 1228),Manchester,27
1493,(house 1178),Rochdale,(place 1226),Salford,27
2638,(place 1225),Tameside,(place 1225),Tameside,2
1809,(house 1011),Trafford,(place 1228),Manchester,27
2687,(house 744),Tameside,(place 1225),Tameside,10
2688,(house 723),Tameside,(place 1225),Tameside,9
2419,(house 536),Manchester,(place 1229),Trafford,27
2152,(house 226),Manchester,(place 1226),Salford,27
2105,(house 829),Salford,(place 1226),Salford,27
2624,(house 771),Tameside,(house 771),Tameside,2
2387,(house 522),Manchester,(place 1227),Bury,27
1902,(house 991),Trafford,(place 1227),Bury,27
2562,(place 1225),Tameside,(house 786),Tameside,14
1510,(place 1231),Oldham,(place 1230),Rochdale,14
2498,(place 1228),Manchester,(place 1228),Manchester,2
1318,(house 642),Oldham,(place 1230),Rochdale,27
2010,(house 902),Salford,(place 1226),Salford,27
1952,(place 1227),Bury,(place 1227),Bury,2
1977,(house 924),Salford,(place 1226),Salford,10
2675,(place 1225),Tameside,(place 1225),Tameside,2
2652,(place 1225),Tameside,(place 1225),Tameside,2
1340,(house 598),Oldham,(house 598),Oldham,2
2489,(place 1225),Tameside,(house 506),Manchester,14
1791,(house 1022),Trafford,(place 1228),Manchester,27
2596,(place 1225),Tameside,(place 1225),Tameside,2
1312,(house 617),Oldham,(place 1230),Rochdale,27
1942,(house 1045),Trafford,(place 1228),Manchester,27
1473,(house 1178),Rochdale,(place 1226),Salford,27
1490,(house 1101),Rochdale,(place 1231),Oldham,27
2633,(place 1225),Tameside,(place 1225),Tameside,2
1835,(house 964),Trafford,(place 1228),Manchester,27
2559,(house 810),Tameside,(place 1225),Tameside,10
2700,(place 1225),Tameside,(place 1225),Tameside,2
2361,(place 1225),Tameside,(house 488),Manchester,13
2689,(place 1225),Tameside,(place 1225),Tameside,2
2423,(place 1228),Manchester,(place 1228),Manchester,2
2438,(house 256),Manchester,(place 1228),Manchester,27
2158,(place 1229),Trafford,(place 1228),Manchester,6
1897,(house 983),Trafford,(place 1228),Manchester,27
2612,(house 681),Tameside,(house 681),Tameside,2
1812,(place 1231),Oldham,(place 1231),Oldham,2
2528,(house 789),Tameside,(place 1225),Tameside,9
2692,(house 703),Tameside,(place 1225),Tameside,10
1805,(house 1022),Trafford,(place 1228),Manchester,27
1761,(house 1041),Trafford,(place 1228),Manchester,27
2680,(house 771),Tameside,(house 771),Tameside,2
2504,(place 1225),Tameside,(place 1225),Tameside,2
2011,(house 829),Salford,(place 1226),Salford,27
2092,(house 914),Salford,(place 1227),Bury,27
2326,(house 447),Manchester,(place 1225),Tameside,27
1612,(house 167),Bury,(place 1231),Oldham,27
2397,(house 488),Manchester,(house 488),Manchester,2
2536,(place 1225),Tameside,(place 1225),Tameside,2
1582,(house 1174),Rochdale,(place 1226),Salford,27
1856,(house 1019),Trafford,(place 1228),Manchester,27
1605,(place 1226),Salford,(place 1227),Bury,15
2221,(place 1225),Tameside,(house 470),Manchester,14
1568,(house 1111),Rochdale,(place 1231),Oldham,27
1310,(place 1230),Rochdale,(house 607),Oldham,14
1307,(house 642),Oldham,(place 1230),Rochdale,27
2656,(house 705),Tameside,(place 1225),Tameside,9
1880,(house 1046),Trafford,(place 1229),Trafford,27
1243,(house 614),Oldham,(place 1226),Salford,28
1905,(place 1228),Manchester,(place 1228),Manchester,2
2378,(house 532),Manchester,(place 1228),Manchester,28
1310,(house 607),Oldham,(house 607),Oldham,2
2687,(place 1225),Tameside,(place 1225),Tameside,2
1794,(house 1042),Trafford,(place 1229),Trafford,28
2245,(house 326),Manchester,(place 1227),Bury,28
2532,(house 750),Tameside,(place 1225),Tameside,10
2623,(house 740),Tameside,(place 1225),Tameside,28
1294,(house 580),Oldham,(place 1227),Bury,28
1622,(house 156),Bury,(place 1231),Oldham,28
2504,(place 1225),Tameside,(place 1225),Tameside,2
2489,(house 506),Manchester,(house 506),Manchester,2
1808,(house 983),Trafford,(place 1227),Bury,28
2480,(house 412),Manchester,(place 1228),Manchester,28
1901,(place 1229),Trafford,(place 1228),Manchester,7
2408,(house 244),Manchester,(place 1229),Trafford,28
2172,(house 276),Manchester,(place 1231),Oldham,28
2638,(place 1225),Tameside,(place 1225),Tameside,2
2689,(place 1225),Tameside,(place 1225),Tameside,2
2656,(place 1225),Tameside,(place 1225),Tameside,2
2121,(house 886),Salford,(place 1226),Salford,28
2464,(house 343),Manchester,(place 1225),Tameside,28
2675,(place 1225),Tameside,(place 1225),Tameside,2
2049,(house 813),Salford,(place 1226),Salford,28
2055,(house 866),Salford,(place 1228),Manchester,28
1855,(house 1025),Trafford,(place 1226),Salford,28
2691,(house 746),Tameside,(place 1225),Tameside,10
2189,(house 353),Manchester,(place 1231),Oldham,28
1582,(place 1226),Salford,(place 1226),Salford,2
2262,(house 507),Manchester,(place 1231),Oldham,28
1288,(house 627),Oldham,(place 1226),Salford,28
2077,(house 833),Salford,(place 1229),Trafford,28
1356,(house 624),Oldham,(place 1230),Rochdale,28
2612,(house 681),Tameside,(house 681),Tameside,2
1923,(place 1228),Manchester,(house 1017),Trafford,15
2498,(place 1228),Manchester,(place 1228),Manchester,2
2419,(place 1229),Trafford,(place 1229),Trafford,2
1771,(house 1083),Trafford,(place 1229),Trafford,28
1308,(place 1230),Rochdale,(place 1231),Oldham,16
2361,(house 488),Manchester,(house 488),Manchester,2
1608,(place 1226),Salford,(house 213),Bury,8
2494,(place 1226),Salford,(house 455),Manchester,8
2468,(house 326),Manchester,(place 1227),Bury,28
2568,(house 761),Tameside,(place 1225),Tameside,10
1279,(place 1230),Rochdale,(house 627),Oldham,15
1791,(place 1228),Manchester,(place 1228),Manchester,2
2470,(house 507),Manchester,(place 1231),Oldham,28
2594,(place 1225),Tameside,(house 730),Tameside,8
1784,(place 1228),Manchester,(house 1017),Trafford,15
2531,(house 810),Tameside,(place 1225),Tameside,10
2536,(place 1225),Tameside,(place 1225),Tameside,2
2411,(house 317),Manchester,(place 1231),Oldham,28
2674,(place 1225),Tameside,(house 775),Tameside,8
2681,(house 808),Tameside,(place 1225),Tameside,10
2558,(house 717),Tameside,(place 1226),Salford,28
1959,(house 813),Salford,(place 1226),Salford,28
2528,(place 1225),Tameside,(place 1225),Tameside,2
1340,(house 598),Oldham,(house 598),Oldham,2
1947,(house 934),Salford,(place 1226),Salford,28
2034,(house 817),Salford,(place 1230),Rochdale,28
2688,(place 1225),Tameside,(place 1225),Tameside,2
2335,(place 1225),Tameside,(house 437),Manchester,15
2500,(house 324),Manchester,(place 1228),Manchester,28
2209,(house 308),Manchester,(place 1231),Oldham,28
2613,(house 750),Tameside,(place 1225),Tameside,10
2569,(house 808),Tameside,(place 1225),Tameside,10
2659,(place 1225),Tameside,(house 755),Tameside,8
1364,(house 662),Oldham,(place 1227),Bury,29
1817,(house 1045),Trafford,(place 1229),Trafford,29
2640,(place 1225),Tameside,(house 695),Tameside,8
2077,(place 1229),Trafford,(place 1229),Trafford,2
1947,(place 1226),Salford,(place 1226),Salford,2
1901,(place 1228),Manchester,(place 1228),Manchester,2
2149,(house 534),Manchester,(place 1228),Manchester,29
1954,(house 898),Salford,(place 1229),Trafford,29
2451,(house 228),Manchester,(place 1228),Manchester,29
2034,(place 1230),Rochdale,(place 1230),Rochdale,2
2419,(place 1229),Trafford,(place 1229),Trafford,2
2472,(house 511),Manchester,(place 1225),Tameside,29
2343,(house 511),Manchester,(place 1225),Tameside,29
1293,(place 1230),Rochdale,(place 1231),Oldham,16
1870,(house 1092),Trafford,(place 1227),Bury,29
2623,(place 1225),Tameside,(place 1225),Tameside,2
1338,(house 569),Oldham,(place 1230),Rochdale,29
2658,(house 754),Tameside,(place 1225),Tameside,8
1356,(place 1230),Rochdale,(place 1230),Rochdale,2
1502,(house 1165),Rochdale,(place 1226),Salford,29
1272,(house 662),Oldham,(place 1227),Bury,29
1635,(house 186),Bury,(place 1228),Manchester,29
2568,(place 1225),Tameside,(place 1225),Tameside,2
2674,(house 775),Tameside,(house 775),Tameside,2
1616,(house 110),Bury,(place 1231),Oldham,29
2243,(place 1225),Tameside,(house 270),Manchester,15
1959,(place 1226),Salford,(place 1226),Salford,2
2638,(place 1225),Tameside,(place 1225),Tameside,2
2245,(place 1227),Bury,(place 1227),Bury,2
2689,(place 1225),Tameside,(place 1225),Tameside,2
2504,(place 1225),Tameside,(place 1225),Tameside,2
2226,(place 1225),Tameside,(house 270),Manchester,15
2308,(house 511),Manchester,(place 1225),Tameside,29
2055,(place 1228),Manchester,(place 1228),Manchester,2
2078,(house 827),Salford,(place 1229),Trafford,29
2370,(house 338),Manchester,(place 1230),Rochdale,29
2602,(house 767),Tameside,(place 1225),Tameside,10
2566,(house 702),Tameside,(place 1225),Tameside,9
2038,(house 815),Salford,(place 1229),Trafford,29
1608,(house 213),Bury,(house 213),Bury,2
2531,(place 1225),Tameside,(place 1225),Tameside,2
2600,(place 1225),Tameside,(house 776),Tameside,8
1847,(house 979),Trafford,(place 1228),Manchester,29
2500,(place 1228),Manchester,(place 1228),Manchester,2
2538,(house 729),Tameside,(place 1225),Tameside,9
2391,(house 434),Manchester,(place 1229),Trafford,29
1622,(place 1231),Oldham,(place 1231),Oldham,2
2450,(place 1228),Manchester,(house 315),Manchester,5
2681,(place 1225),Tameside,(place 1225),Tameside,2
1484,(house 1152),Rochdale,(place 1230),Rochdale,29
2316,(house 516),Manchester,(place 1229),Trafford,29
2489,(house 506),Manchester,(house 506),Manchester,2
2675,(place 1225),Tameside,(place 1225),Tameside,2
2339,(place 1227),Bury,(house 330),Manchester,15
2532,(place 1225),Tameside,(place 1225),Tameside,2
2528,(place 1225),Tameside,(place 1225),Tameside,2
2034,(place 1230),Rochdale,(place 1230),Rochdale,2
1352,(house 612),Oldham,(place 1226),Salford,30
2489,(house 506),Manchester,(house 506),Manchester,2
2370,(place 1230),Rochdale,(place 1230),Rochdale,2
2602,(place 1225),Tameside,(place 1225),Tameside,2
2694,(place 1225),Tameside,(house 794),Tameside,8
2267,(place 1226),Salford,(house 374),Manchester,15
2681,(place 1225),Tameside,(place 1225),Tameside,2
1264,(house 604),Oldham,(place 1225),Tameside,30
2381,(house 537),Manchester,(place 1231),Oldham,30
1739,(place 1226),Salford,(house 158),Bury,16
2661,(place 1225),Tameside,(house 780),Tameside,8
2171,(place 1225),Tameside,(house 361),Manchester,16
2525,(house 772),Tameside,(place 1225),Tameside,10
2658,(place 1225),Tameside,(place 1225),Tameside,2
1859,(house 959),Trafford,(place 1227),Bury,30
2545,(house 783),Tameside,(place 1225),Tameside,11
2236,(house 508),Manchester,(place 1227),Bury,30
1795,(house 1009),Trafford,(place 1231),Oldham,30
1337,(house 667),Oldham,(place 1227),Bury,30
1766,(house 1040),Trafford,(place 1228),Manchester,30
1816,(house 1009),Trafford,(place 1231),Oldham,30
2566,(place 1225),Tameside,(place 1225),Tameside,2
2226,(house 270),Manchester,(house 270),Manchester,2
2308,(place 1225),Tameside,(place 1225),Tameside,2
2243,(house 270),Manchester,(house 270),Manchester,2
2203,(place 1225),Tameside,(house 437),Manchester,15
2100,(house 924),Salford,(place 1231),Oldham,30
2380,(place 1231),Oldham,(house 228),Manchester,16
1832,(house 1066),Trafford,(place 1228),Manchester,30
2675,(place 1225),Tameside,(place 1225),Tameside,2
2613,(place 1225),Tameside,(place 1225),Tameside,2
2367,(house 475),Manchester,(place 1227),Bury,30
2623,(place 1225),Tameside,(place 1225),Tameside,2
1756,(house 149),Bury,(place 1226),Salford,30
1778,(house 1001),Trafford,(place 1228),Manchester,30
2472,(place 1225),Tameside,(place 1225),Tameside,2
2229,(house 327),Manchester,(place 1227),Bury,30
1901,(place 1228),Manchester,(place 1228),Manchester,2
2628,(place 1225),Tameside,(house 721),Tameside,8
2469,(house 424),Manchester,(place 1230),Rochdale,30
2042,(house 905),Salford,(place 1228),Manchester,30
2659,(house 755),Tameside,(house 755),Tameside,2
2460,(place 1225),Tameside,(house 289),Manchester,16
2031,(house 916),Salford,(place 1227),Bury,30
2584,(house 784),Tameside,(place 1225),Tameside,10
1356,(place 1230),Rochdale,(place 1230),Rochdale,2
2555,(house 702),Tameside,(place 1225),Tameside,9
1873,(house 1067),Trafford,(place 1229),Trafford,30
1879,(house 992),Trafford,(place 1229),Trafford,30
2569,(place 1225),Tameside,(place 1225),Tameside,2
2638,(place 1225),Tameside,(place 1225),Tameside,2
1314,(house 604),Oldham,(place 1225),Tameside,30
2327,(house 394),Manchester,(place 1231),Oldham,30
2175,(house 424),Manchester,(place 1230),Rochdale,30
1917,(house 1020),Trafford,(place 1231),Oldham,30
2045,(house 824),Salford,(place 1230),Rochdale,30
1929,(house 992),Trafford,(place 1229),Trafford,30
2641,(place 1225),Tameside,(house 787),Tameside,8
1361,(place 1230),Rochdale,(place 1231),Oldham,14
1614,(house 213),Bury,(place 1231),Oldham,30
2681,(place 1225),Tameside,(place 1225),Tameside,2
2571,(house 780),Tameside,(place 1225),Tameside,8
1763,(house 977),Trafford,(place 1231),Oldham,31
1361,(place 1231),Oldham,(place 1231),Oldham,2
1337,(place 1227),Bury,(place 1227),Bury,2
2157,(house 505),Manchester,(place 1227),Bury,31
2545,(place 1225),Tameside,(place 1225),Tameside,2
1652,(house 171),Bury,(place 1231),Oldham,31
2677,(place 1225),Tameside,(house 730),Tameside,8
2623,(place 1225),Tameside,(place 1225),Tameside,2
2187,(place 1228),Manchester,(place 1229),Trafford,13
2234,(place 1226),Salford,(place 1227),Bury,20
1976,(house 894),Salford,(place 1228),Manchester,31
2233,(house 249),Manchester,(place 1231),Oldham,31
1883,(house 1008),Trafford,(place 1227),Bury,31
2144,(house 284),Manchester,(place 1231),Oldham,31
2525,(place 1225),Tameside,(place 1225),Tameside,2
2659,(house 755),Tameside,(house 755),Tameside,2
2465,(house 517),Manchester,(place 1226),Salford,31
2694,(house 794),Tameside,(house 794),Tameside,2
2650,(house 804),Tameside,(place 1225),Tameside,11
1913,(house 1083),Trafford,(place 1231),Oldham,31
1314,(place 1225),Tameside,(place 1225),Tameside,2
2184,(place 1229),Trafford,(place 1228),Manchester,8
2489,(house 506),Manchester,(house 506),Manchester,2
2033,(house 910),Salford,(place 1226),Salford,31
1975,(house 922),Salford,(place 1229),Trafford,31
1973,(house 954),Salford,(place 1228),Manchester,31
2226,(house 270),Manchester,(house 270),Manchester,2
1459,(house 1203),Rochdale,(place 1231),Oldham,31
1566,(place 1231),Oldham,(place 1230),Rochdale,16
2338,(house 247),Manchester,(place 1229),Trafford,31
1782,(house 964),Trafford,(place 1229),Trafford,31
2628,(house 721),Tameside,(house 721),Tameside,2
2208,(house 229),Manchester,(place 1230),Rochdale,31
1739,(house 158),Bury,(house 158),Bury,2
2243,(house 270),Manchester,(house 270),Manchester,2
1980,(house 861),Salford,(place 1231),Oldham,31
2341,(house 398),Manchester,(place 1226),Salford,31
2566,(place 1225),Tameside,(place 1225),Tameside,2
2584,(place 1225),Tameside,(place 1225),Tameside,2
1881,(house 1055),Trafford,(place 1229),Trafford,31
1879,(place 1229),Trafford,(place 1229),Trafford,2
2613,(place 1225),Tameside,(place 1225),Tameside,2
2369,(house 247),Manchester,(place 1229),Trafford,31
1795,(place 1231),Oldham,(place 1231),Oldham,2
1821,(house 1046),Trafford,(place 1231),Oldham,31
2110,(house 919),Salford,(place 1231),Oldham,32
1790,(house 1056),Trafford,(place 1227),Bury,32
2070,(house 943),Salford,(place 1226),Salford,32
1971,(house 932),Salford,(place 1228),Manchester,32
1392,(place 1230),Rochdale,(house 647),Oldham,17
2019,(house 917),Salford,(place 1228),Manchester,32
2208,(place 1230),Rochdale,(place 1230),Rochdale,2
1370,(house 593),Oldham,(place 1231),Oldham,32
2275,(place 1225),Tameside,(house 498),Manchester,17
2234,(place 1227),Bury,(place 1227),Bury,2
2623,(place 1225),Tameside,(place 1225),Tameside,2
2339,(house 330),Manchester,(house 330),Manchester,4
2270,(place 1225),Tameside,(house 525),Manchester,16
1894,(house 1084),Trafford,(place 1226),Salford,32
2139,(house 948),Salford,(place 1228),Manchester,32
1857,(place 1226),Salford,(house 1052),Trafford,17
2220,(house 522),Manchester,(place 1231),Oldham,32
2362,(place 1229),Trafford,(house 285),Manchester,17
2526,(house 682),Tameside,(place 1225),Tameside,11
1880,(place 1229),Trafford,(place 1228),Manchester,6
2622,(house 682),Tameside,(place 1225),Tameside,11
2303,(place 1226),Salford,(place 1227),Bury,11
1457,(house 1187),Rochdale,(place 1226),Salford,32
1801,(house 1056),Trafford,(place 1227),Bury,32
2645,(house 783),Tameside,(place 1225),Tameside,11
1271,(house 607),Oldham,(place 1227),Bury,32
1458,(house 1178),Rochdale,(place 1227),Bury,32
1975,(place 1229),Trafford,(place 1229),Trafford,2
1405,(place 1230),Rochdale,(house 647),Oldham,17
2613,(place 1225),Tameside,(place 1225),Tameside,2
1337,(place 1227),Bury,(place 1227),Bury,2
1459,(place 1231),Oldham,(place 1231),Oldham,2
2598,(place 1225),Tameside,(house 792),Tameside,17
2580,(place 1225),Tameside,(house 722),Tameside,17
2584,(place 1225),Tameside,(place 1225),Tameside,2
1989,(house 900),Salford,(place 1226),Salford,32
1862,(house 1078),Trafford,(place 1231),Oldham,32
2575,(house 698),Tameside,(place 1225),Tameside,7
2627,(house 690),Tameside,(place 1225),Tameside,7
1600,(house 166),Bury,(place 1231),Oldham,32
1811,(house 1056),Trafford,(place 1229),Trafford,32
1786,(house 1042),Trafford,(place 1231),Oldham,32
1248,(place 1226),Salford,(house 559),Oldham,17
1950,(house 883),Salford,(place 1228),Manchester,32
2117,(house 918),Salford,(place 1228),Manchester,32
2024,(house 930),Salford,(place 1231),Oldham,32
1485,(house 1174),Rochdale,(place 1227),Bury,32
2474,(place 1228),Manchester,(house 364),Manchester,17
1780,(house 1059),Trafford,(place 1229),Trafford,32
2461,(house 319),Manchester,(place 1230),Rochdale,32
2212,(house 331),Manchester,(place 1228),Manchester,32
1990,(house 878),Salford,(place 1231),Oldham,32
2187,(place 1229),Trafford,(place 1229),Trafford,2
2525,(place 1225),Tameside,(place 1225),Tameside,2
2243,(house 270),Manchester,(house 270),Manchester,2
2265,(place 1226),Salford,(place 1227),Bury,15
2591,(place 1225),Tameside,(house 775),Tameside,8
2159,(house 284),Manchester,(place 1228),Manchester,32
2639,(place 1225),Tameside,(house 792),Tameside,17
2311,(house 260),Manchester,(place 1227),Bury,32
1883,(place 1227),Bury,(place 1227),Bury,2
1647,(place 1227),Bury,(house 142),Bury,8
2693,(place 1225),Tameside,(house 708),Tameside,9
2098,(house 917),Salford,(place 1228),Manchester,32
1314,(place 1225),Tameside,(place 1225),Tameside,2
2521,(place 1225),Tameside,(house 729),Tameside,9
1958,(house 844),Salford,(place 1230),Rochdale,32
2158,(place 1228),Manchester,(place 1229),Trafford,6
2650,(place 1225),Tameside,(place 1225),Tameside,2
1621,(house 165),Bury,(place 1231),Oldham,32
1607,(place 1226),Salford,(house 108),Bury,17
2043,(house 839),Salford,(place 1231),Oldham,33
2461,(place 1230),Rochdale,(place 1230),Rochdale,2
2655,(place 1225),Tameside,(house 758),Tameside,9
2046,(house 832),Salford,(place 1229),Trafford,33
1869,(house 1013),Trafford,(place 1231),Oldham,33
2257,(house 371),Manchester,(place 1229),Trafford,33
2475,(house 335),Manchester,(place 1230),Rochdale,33
1336,(place 1231),Oldham,(place 1226),Salford,27
2362,(house 285),Manchester,(house 285),Manchester,2
1944,(house 998),Trafford,(place 1227),Bury,33
2364,(house 442),Manchester,(place 1228),Manchester,33
2418,(house 497),Manchester,(place 1227),Bury,33
1801,(place 1227),Bury,(place 1227),Bury,2
2111,(house 857),Salford,(place 1230),Rochdale,33
1762,(house 1073),Trafford,(place 1227),Bury,33
2270,(house 525),Manchester,(house 525),Manchester,2
1772,(house 987),Trafford,(place 1231),Oldham,33
1510,(place 1230),Rochdale,(house 1171),Rochdale,7
2264,(house 221),Manchester,(place 1226),Salford,33
2104,(house 918),Salford,(place 1227),Bury,33
2645,(place 1225),Tameside,(place 1225),Tameside,2
1405,(house 647),Oldham,(house 647),Oldham,2
2074,(house 832),Salford,(place 1229),Trafford,33
1990,(place 1231),Oldham,(place 1231),Oldham,2
1252,(house 573),Oldham,(place 1227),Bury,33
2650,(place 1225),Tameside,(place 1225),Tameside,2
1809,(place 1228),Manchester,(place 1229),Trafford,7
2213,(place 1225),Tameside,(house 365),Manchester,17
1647,(house 142),Bury,(house 142),Bury,2
2702,(house 788),Tameside,(place 1225),Tameside,33
1836,(house 1076),Trafford,(place 1227),Bury,33
2072,(house 859),Salford,(place 1231),Oldham,33
2580,(house 722),Tameside,(house 722),Tameside,2
1862,(place 1231),Oldham,(place 1231),Oldham,2
2530,(house 734),Tameside,(place 1225),Tameside,12
2582,(house 707),Tameside,(place 1225),Tameside,12
1961,(house 935),Salford,(place 1229),Trafford,33
1813,(house 1045),Trafford,(place 1231),Oldham,33
2234,(place 1227),Bury,(place 1227),Bury,2
2095,(house 902),Salford,(place 1227),Bury,33
1814,(house 988),Trafford,(place 1226),Salford,33
2304,(house 294),Manchester,(place 1225),Tameside,12
1989,(place 1226),Salford,(place 1226),Salford,2
2483,(house 311),Manchester,(place 1231),Oldham,33
1370,(place 1231),Oldham,(place 1231),Oldham,2
2587,(place 1225),Tameside,(house 679),Tameside,9
2613,(place 1225),Tameside,(place 1225),Tameside,2
2372,(place 1225),Tameside,(house 367),Manchester,17
2243,(house 270),Manchester,(house 270),Manchester,2
1950,(place 1228),Manchester,(place 1228),Manchester,2
2447,(house 442),Manchester,(place 1228),Manchester,33
2110,(place 1231),Oldham,(place 1231),Oldham,2
1274,(house 658),Oldham,(place 1226),Salford,33
2022,(house 916),Salford,(place 1231),Oldham,33
2024,(place 1231),Oldham,(place 1231),Oldham,2
1244,(house 572),Oldham,(place 1227),Bury,33
1508,(house 1201),Rochdale,(place 1226),Salford,33
2220,(place 1231),Oldham,(place 1231),Oldham,2
1824,(house 959),Trafford,(place 1229),Trafford,12
1827,(house 1001),Trafford,(place 1229),Trafford,33
1865,(house 958),Trafford,(place 1231),Oldham,33
1886,(house 958),Trafford,(place 1231),Oldham,33
2590,(house 704),Tameside,(place 1225),Tameside,12
2629,(place 1225),Tameside,(house 729),Tameside,9
2622,(place 1225),Tameside,(place 1225),Tameside,2
2660,(house 774),Tameside,(place 1225),Tameside,11
1314,(place 1225),Tameside,(place 1225),Tameside,2
2627,(place 1225),Tameside,(place 1225),Tameside,2
2591,(house 775),Tameside,(house 775),Tameside,2
2639,(house 792),Tameside,(house 792),Tameside,2
1851,(house 998),Trafford,(place 1227),Bury,33
1842,(place 1229),Trafford,(place 1228),Manchester,20
2067,(house 918),Salford,(place 1227),Bury,33
1446,(house 1206),Rochdale,(place 1226),Salford,34
2613,(place 1225),Tameside,(place 1225),Tameside,2
1927,(house 1059),Trafford,(place 1231),Oldham,34
1436,(house 1171),Rochdale,(place 1226),Salford,34
2627,(place 1225),Tameside,(place 1225),Tameside,2
2660,(place 1225),Tameside,(place 1225),Tameside,2
2650,(place 1225),Tameside,(place 1225),Tameside,2
1445,(place 1230),Rochdale,(place 1231),Oldham,24
1669,(house 213),Bury,(place 1228),Manchester,34
2700,(place 1225),Tameside,(house 718),Tameside,8
1823,(house 1055),Trafford,(place 1231),Oldham,34
1372,(house 563),Oldham,(place 1226),Salford,34
2065,(house 834),Salford,(place 1226),Salford,34
2533,(house 708),Tameside,(place 1225),Tameside,9
2061,(house 836),Salford,(place 1230),Rochdale,34
2022,(place 1231),Oldham,(place 1231),Oldham,2
2243,(house 270),Manchester,(house 270),Manchester,2
2046,(place 1229),Trafford,(place 1229),Trafford,2
1586,(house 1223),Rochdale,(place 1226),Salford,34
1521,(house 1165),Rochdale,(place 1227),Bury,34
1985,(house 932),Salford,(place 1229),Trafford,34
2696,(house 764),Tameside,(place 1225),Tameside,12
1824,(place 1229),Trafford,(place 1229),Trafford,2
2498,(place 1228),Manchester,(place 1229),Trafford,7
2364,(place 1228),Manchester,(place 1228),Manchester,2
1762,(place 1227),Bury,(place 1227),Bury,2
2629,(house 729),Tameside,(house 729),Tameside,2
1697,(place 1227),Bury,(place 1226),Salford,14
1726,(house 174),Bury,(place 1231),Oldham,34
2690,(place 1225),Tameside,(house 700),Tameside,9
2587,(house 679),Tameside,(house 679),Tameside,2
1998,(house 837),Salford,(place 1231),Oldham,34
1311,(house 619),Oldham,(place 1228),Manchester,34
2702,(place 1225),Tameside,(place 1225),Tameside,2
2445,(house 538),Manchester,(place 1225),Tameside,11
2304,(place 1225),Tameside,(place 1225),Tameside,2
2270,(house 525),Manchester,(house 525),Manchester,2
2616,(place 1225),Tameside,(house 700),Tameside,9
2310,(place 1229),Trafford,(house 400),Manchester,18
2655,(house 758),Tameside,(house 758),Tameside,2
2437,(house 335),Manchester,(place 1229),Trafford,34
1990,(place 1231),Oldham,(place 1231),Oldham,2
2073,(house 902),Salford,(place 1228),Manchester,34
2064,(house 834),Salford,(place 1226),Salford,34
1334,(place 1230),Rochdale,(place 1231),Oldham,15
2672,(place 1225),Tameside,(house 711),Tameside,18
2250,(house 507),Manchester,(place 1229),Trafford,34
2426,(place 1225),Tameside,(house 421),Manchester,18
1939,(house 1008),Trafford,(place 1231),Oldham,34
1814,(place 1226),Salford,(place 1226),Salford,2
1869,(place 1231),Oldham,(place 1231),Oldham,2
2622,(place 1225),Tameside,(place 1225),Tameside,2
2095,(place 1227),Bury,(place 1227),Bury,2
2043,(place 1231),Oldham,(place 1231),Oldham,2
2090,(house 937),Salford,(place 1231),Oldham,34
2191,(house 391),Manchester,(place 1230),Rochdale,34
1950,(place 1228),Manchester,(place 1228),Manchester,2
1701,(house 174),Bury,(place 1231),Oldham,34
2417,(house 507),Manchester,(place 1229),Trafford,34
2580,(house 722),Tameside,(house 722),Tameside,2
2115,(house 858),Salford,(place 1231),Oldham,34
1267,(house 628),Oldham,(place 1228),Manchester,34
1579,(house 1155),Rochdale,(place 1231),Oldham,34
1276,(house 548),Oldham,(place 1226),Salford,34
1285,(house 545),Oldham,(house 545),Oldham,10
1801,(place 1227),Bury,(place 1227),Bury,2
1326,(house 666),Oldham,(place 1227),Bury,34
2104,(place 1227),Bury,(place 1227),Bury,2
2530,(place 1225),Tameside,(place 1225),Tameside,2
2272,(house 450),Manchester,(place 1227),Bury,34
2462,(place 1226),Salford,(place 1231),Oldham,27
1563,(place 1231),Oldham,(place 1226),Salford,28
2620,(house 758),Tameside,(place 1225),Tameside,9
2083,(house 910),Salford,(place 1228),Manchester,35
2272,(place 1227),Bury,(place 1227),Bury,2
2134,(house 952),Salford,(place 1227),Bury,35
2445,(place 1225),Tameside,(place 1225),Tameside,2
1972,(house 952),Salford,(place 1227),Bury,35
2596,(place 1225),Tameside,(house 777),Tameside,9
2492,(house 489),Manchester,(place 1226),Salford,35
2548,(place 1225),Tameside,(house 798),Tameside,9
1586,(place 1226),Salford,(place 1226),Salford,2
2581,(place 1225),Tameside,(house 791),Tameside,18
2276,(house 379),Manchester,(place 1230),Rochdale,35
1760,(house 1023),Trafford,(place 1229),Trafford,35
2127,(house 839),Salford,(place 1229),Trafford,35
1277,(house 657),Oldham,(place 1225),Tameside,12
2536,(place 1225),Tameside,(house 694),Tameside,8
2650,(place 1225),Tameside,(place 1225),Tameside,2
2696,(place 1225),Tameside,(place 1225),Tameside,2
2202,(house 460),Manchester,(place 1228),Manchester,35
2690,(house 700),Tameside,(house 700),Tameside,2
2699,(house 773),Tameside,(place 1225),Tameside,11
2251,(place 1225),Tameside,(house 429),Manchester,18
1833,(house 968),Trafford,(place 1231),Oldham,35
2239,(house 392),Manchester,(place 1228),Manchester,35
1685,(house 173),Bury,(place 1228),Manchester,35
2270,(house 525),Manchester,(house 525),Manchester,2
2618,(house 724),Tameside,(place 1225),Tameside,12
1966,(place 1226),Salford,(place 1227),Bury,11
2420,(house 495),Manchester,(place 1229),Trafford,14
1939,(place 1231),Oldham,(place 1231),Oldham,2
1875,(house 1002),Trafford,(place 1231),Oldham,35
2192,(house 489),Manchester,(place 1226),Salford,35
1530,(house 1184),Rochdale,(place 1231),Oldham,35
1316,(house 643),Oldham,(place 1225),Tameside,35
1824,(place 1229),Trafford,(place 1229),Trafford,2
2633,(place 1225),Tameside,(house 762),Tameside,9
2629,(house 729),Tameside,(house 729),Tameside,2
2027,(house 910),Salford,(place 1228),Manchester,35
2533,(place 1225),Tameside,(place 1225),Tameside,2
1305,(house 659),Oldham,(place 1226),Salford,35
2162,(place 1225),Tameside,(house 376),Manchester,18
1841,(house 1021),Trafford,(place 1231),Oldham,35
2580,(house 722),Tameside,(house 722),Tameside,2
2065,(place 1226),Salford,(place 1226),Salford,2
2660,(place 1225),Tameside,(place 1225),Tameside,2
2655,(house 758),Tameside,(house 758),Tameside,2
1559,(house 1159),Rochdale,(place 1231),Oldham,35
1442,(house 1184),Rochdale,(place 1231),Oldham,35
1297,(house 651),Oldham,(place 1226),Salford,35
1468,(house 1190),Rochdale,(place 1230),Rochdale,35
2700,(house 718),Tameside,(house 718),Tameside,2
2583,(house 796),Tameside,(place 1225),Tameside,35
2417,(place 1229),Trafford,(place 1229),Trafford,2
1726,(place 1231),Oldham,(place 1231),Oldham,2
1563,(place 1226),Salford,(place 1226),Salford,2
2231,(house 467),Manchester,(place 1225),Tameside,35
2095,(place 1227),Bury,(place 1227),Bury,2
1694,(house 123),Bury,(place 1228),Manchester,35
2318,(place 1225),Tameside,(house 381),Manchester,16
2304,(place 1225),Tameside,(place 1225),Tameside,2
2594,(house 730),Tameside,(place 1225),Tameside,8
1751,(house 173),Bury,(place 1228),Manchester,35
1669,(place 1228),Manchester,(place 1228),Manchester,2
1896,(house 997),Trafford,(place 1227),Bury,35
1869,(place 1231),Oldham,(place 1231),Oldham,2
2307,(place 1226),Salford,(house 259),Manchester,18
2429,(place 1229),Trafford,(place 1228),Manchester,20
1721,(house 123),Bury,(place 1228),Manchester,35
2588,(house 707),Tameside,(place 1225),Tameside,12
2408,(place 1229),Trafford,(place 1228),Manchester,8
2107,(house 814),Salford,(place 1229),Trafford,35
2213,(house 365),Manchester,(house 365),Manchester,4
2588,(place 1225),Tameside,(place 1225),Tameside,2
2027,(place 1228),Manchester,(place 1228),Manchester,2
2231,(place 1225),Tameside,(place 1225),Tameside,2
1279,(house 627),Oldham,(place 1231),Oldham,9
2228,(house 469),Manchester,(place 1230),Rochdale,36
2656,(place 1225),Tameside,(house 705),Tameside,9
2059,(house 839),Salford,(place 1231),Oldham,36
2596,(house 777),Tameside,(house 777),Tameside,2
1992,(house 909),Salford,(place 1229),Trafford,36
1972,(place 1227),Bury,(place 1227),Bury,2
1544,(house 1105),Rochdale,(place 1226),Salford,36
1468,(place 1230),Rochdale,(place 1230),Rochdale,2
2227,(house 291),Manchester,(place 1230),Rochdale,36
2629,(house 729),Tameside,(house 729),Tameside,2
2304,(place 1225),Tameside,(place 1225),Tameside,2
1342,(house 650),Oldham,(place 1227),Bury,36
2594,(place 1225),Tameside,(place 1225),Tameside,2
2674,(house 775),Tameside,(place 1225),Tameside,8
2332,(house 410),Manchester,(place 1231),Oldham,36
2510,(house 310),Manchester,(place 1225),Tameside,12
1620,(house 197),Bury,(place 1229),Trafford,36
1684,(house 203),Bury,(place 1229),Trafford,36
1896,(place 1227),Bury,(place 1227),Bury,2
2297,(house 445),Manchester,(place 1227),Bury,36
2206,(house 532),Manchester,(place 1230),Rochdale,36
2690,(house 700),Tameside,(house 700),Tameside,2
1387,(house 575),Oldham,(place 1225),Tameside,13
2409,(house 482),Manchester,(place 1225),Tameside,13
1316,(place 1225),Tameside,(place 1225),Tameside,2
2560,(house 707),Tameside,(place 1225),Tameside,12
2477,(house 294),Manchester,(place 1225),Tameside,12
1537,(place 1230),Rochdale,(house 1139),Rochdale,19
2559,(place 1225),Tameside,(house 810),Tameside,10
1869,(place 1231),Oldham,(place 1231),Oldham,2
1871,(house 1004),Trafford,(place 1228),Manchester,36
2593,(place 1225),Tameside,(house 737),Tameside,19
2648,(place 1225),Tameside,(house 790),Tameside,19
2255,(house 532),Manchester,(place 1230),Rochdale,36
2611,(house 707),Tameside,(place 1225),Tameside,12
2383,(house 410),Manchester,(place 1231),Oldham,36
2621,(house 736),Tameside,(place 1225),Tameside,36
2660,(place 1225),Tameside,(place 1225),Tameside,2
2703,(place 1230),Rochdale,(house 687),Tameside,19
2580,(house 722),Tameside,(house 722),Tameside,2
2023,(house 867),Salford,(place 1226),Salford,36
2455,(house 273),Manchester,(place 1231),Oldham,36
2433,(place 1225),Tameside,(house 367),Manchester,17
2583,(place 1225),Tameside,(place 1225),Tameside,2
1416,(house 575),Oldham,(place 1225),Tameside,13
1899,(house 1001),Trafford,(place 1231),Oldham,36
2386,(place 1225),Tameside,(house 234),Manchester,19
2369,(place 1229),Trafford,(place 1228),Manchester,6
2636,(place 1225),Tameside,(house 739),Tameside,19
2251,(house 429),Manchester,(house 429),Manchester,2
1553,(house 1121),Rochdale,(place 1227),Bury,36
1513,(house 1103),Rochdale,(place 1231),Oldham,13
2198,(place 1228),Manchester,(house 531),Manchester,19
1304,(house 662),Oldham,(place 1228),Manchester,36
1608,(house 213),Bury,(place 1226),Salford,8
2342,(house 468),Manchester,(place 1229),Trafford,36
2688,(place 1225),Tameside,(house 723),Tameside,9
2473,(place 1225),Tameside,(house 435),Manchester,16
2678,(house 736),Tameside,(place 1225),Tameside,36
1939,(place 1231),Oldham,(place 1231),Oldham,2
2640,(house 695),Tameside,(place 1225),Tameside,8
2112,(house 911),Salford,(place 1226),Salford,36
2600,(house 776),Tameside,(place 1225),Tameside,8
1736,(house 147),Bury,(place 1228),Manchester,36
1667,(place 1227),Bury,(house 209),Bury,19
1606,(house 110),Bury,(place 1229),Trafford,36
2684,(house 763),Tameside,(place 1225),Tameside,13
2417,(place 1229),Trafford,(place 1229),Trafford,2
2093,(house 830),Salford,(place 1231),Oldham,36
1760,(place 1229),Trafford,(place 1229),Trafford,2
1347,(place 1231),Oldham,(place 1230),Rochdale,14
2240,(place 1228),Manchester,(house 358),Manchester,19
2692,(place 1225),Tameside,(house 703),Tameside,10
2161,(house 357),Manchester,(place 1230),Rochdale,36
2309,(house 275),Manchester,(place 1230),Rochdale,36
2548,(house 798),Tameside,(house 798),Tameside,2
1719,(house 146),Bury,(place 1228),Manchester,36
2225,(house 442),Manchester,(place 1227),Bury,13
2239,(place 1228),Manchester,(place 1228),Manchester,2
2581,(house 791),Tameside,(house 791),Tameside,2
1726,(place 1231),Oldham,(place 1231),Oldham,2
1906,(place 1227),Bury,(place 1226),Salford,11
1700,(place 1227),Bury,(house 150),Bury,19
2467,(place 1225),Tameside,(house 473),Manchester,17
2076,(house 919),Salford,(place 1228),Manchester,36
1403,(place 1231),Oldham,(house 638),Oldham,19
